strategy,mean_score_3713,std_score_3713,worst_score_3713,robust_score,legacy_mean_score_3713,legacy_std_score_3713,legacy_worst_score_3713,legacy_robust_score,avg_legacy_raw_score_3713,avg_mean_13w,worst_13w,avg_hit_13w,avg_mean_7w,worst_7w,avg_hit_7w,avg_mean_3w,worst_3w,avg_hit_3w,avg_holdings,min_holdings,max_holdings,alpha,requested_top_k,blend_source,is_grid,overall_rank,legacy_overall_rank
final_portfolio_a0.45_k44,0.6429318181818181,0.0496165004702713,0.5815454545454545,0.5583303954075183,0.6698916666666667,0.0519379133582421,0.6106075757575757,0.5828876859369031,0.0109928515868248,0.009080877655599,-0.029257840610569,0.5384615384615385,0.0157712333682844,-0.0269142930609824,0.6785714285714285,0.0321795650553995,0.0153832642828824,1.0,43.21153846153846,38,44,0.45,44,final_portfolio,True,1,1
final_portfolio_a0.40_k35,0.6315492424242424,0.1057315058467776,0.4964242424242424,0.5240399175971404,0.7006689393939393,0.1065941378411938,0.5439484848484848,0.5807625180340623,0.0115325332974216,0.008647592384442,-0.0295113812897533,0.576923076923077,0.0161183085063866,-0.0295113812897533,0.6785714285714285,0.0341025564184058,0.0182936236279806,1.0,35.0,35,35,0.4,35,final_portfolio,True,4,2
final_portfolio_a0.45_k35,0.6154545454545455,0.0965540030503681,0.4826060606060606,0.5110415693919329,0.6940348484848485,0.095426984874032,0.5547393939393941,0.5802648015125969,0.0111272506884054,0.008800385659227,-0.030745662186417,0.5384615384615385,0.0162493773489037,-0.030745662186417,0.6428571428571428,0.0343733816395032,0.0182121993952508,1.0,35.0,35,35,0.45,35,final_portfolio,True,8,3
final_portfolio_a0.40_k44,0.6379886363636363,0.0607129524931557,0.5649393939393939,0.5498561668718964,0.6678609848484849,0.0635783145445067,0.5856803030303032,0.5741718844546403,0.0110516404521819,0.0089165350332605,-0.0285233404561434,0.5384615384615385,0.0157189835710111,-0.02638444789539,0.6785714285714285,0.0321987891602461,0.0152755360845506,1.0,43.21153846153846,38,44,0.4,44,final_portfolio,True,2,4
final_portfolio_a0.35_k35,0.6326174242424243,0.1088123892869181,0.4893939393939394,0.5226685716773688,0.6977189393939394,0.114744703036785,0.5230303030303031,0.5728004160599578,0.0115409453770244,0.0085030817620943,-0.0283024098362235,0.576923076923077,0.0159953058908178,-0.0283024098362235,0.6785714285714285,0.033844573414678,0.0177545617354256,1.0,35.0,35,35,0.35,35,final_portfolio,True,6,5
final_portfolio_a0.35_k44,0.6300113636363636,0.0796712593733345,0.5435151515151515,0.5374190483050907,0.6625564393939394,0.0844100262085916,0.5593712121212121,0.5620634860155045,0.0111099297800249,0.0087543672649008,-0.0277888403017178,0.5384615384615385,0.0156668740055965,-0.0261587166833922,0.6785714285714285,0.032217097748084,0.0151678078862187,1.0,43.21153846153846,38,44,0.35,44,final_portfolio,True,3,6
final_portfolio_a0.30_k35,0.6258522727272727,0.115313674883461,0.4762424242424242,0.5143332158449871,0.6868234848484849,0.1252503769108991,0.4970848484848485,0.5581814395816374,0.0115359062814774,0.0083662018674133,-0.0271179772552756,0.576923076923077,0.0158796348010133,-0.0271179772552756,0.6785714285714285,0.0335984798765875,0.0172324024738934,1.0,35.0,35,35,0.3,35,final_portfolio,True,7,7
final_portfolio_a0.30_k44,0.6182386363636363,0.0944627833822911,0.5245454545454544,0.5235451989344981,0.6516723484848486,0.1017945467380719,0.5348984848484848,0.5471321930534656,0.0111591806429141,0.0085943305919605,-0.0270543401472922,0.5384615384615385,0.0156149426406718,-0.0259329854713944,0.6785714285714285,0.0322346180498854,0.0150600796878869,1.0,43.21153846153846,38,44,0.3,44,final_portfolio,True,5,8
final_portfolio_a0.35_k38,0.593935606060606,0.1253683037706707,0.4661969696969697,0.4900705559865692,0.6361166666666667,0.1220581768381694,0.5525848484848483,0.5394162277707285,0.0111383912860104,0.0085996202282444,-0.0278112903922781,0.5576923076923077,0.0155234839806332,-0.0263213497819989,0.6785714285714285,0.0331816609333047,0.0144477283475069,1.0,38.0,38,38,0.35,38,final_portfolio,True,14,9
final_portfolio_a0.40_k38,0.5984734848484848,0.1203042030966229,0.4480757575757575,0.4889962842357922,0.6424507575757575,0.1128238498274014,0.528030303030303,0.538318183199078,0.0110563332503474,0.0087517513606057,-0.0285990318915669,0.5576923076923077,0.0155601615353098,-0.0271878114992949,0.6785714285714285,0.0333156141580796,0.0144529890032832,1.0,38.0,38,38,0.4,38,final_portfolio,True,15,10
final_portfolio_a0.30_k38,0.5958371212121212,0.1291045022252698,0.4850151515151515,0.4956374664441397,0.6363121212121213,0.1308442227224217,0.5472121212121213,0.5373214868186671,0.0112101027924053,0.0084531145973658,-0.0270366831152,0.5576923076923077,0.0154884892588642,-0.0259329854713944,0.6785714285714285,0.0330508533829901,0.0144425740101001,1.0,38.0,38,38,0.3,38,final_portfolio,True,12,11
final_portfolio_a0.45_k38,0.5924962121212121,0.124086869719563,0.4147424242424242,0.4763994569674376,0.6355257575757575,0.1143980145069856,0.4891757575757575,0.5239458803674831,0.0109738544260921,0.0089098453112944,-0.0294002445247294,0.5576923076923077,0.0155986426114993,-0.0280628981221185,0.6785714285714285,0.0334527423678608,0.0144583593012481,1.0,38.0,38,38,0.45,38,final_portfolio,True,26,12
final_portfolio_a0.45_k47,0.5898636363636364,0.0645480819994456,0.5027575757575757,0.502645949375813,0.6123462121212121,0.0711531833513656,0.5086984848484849,0.5180843407557726,0.0107108492993792,0.0086864013355031,-0.029257840610569,0.5384615384615385,0.0154160653409832,-0.0269142930609824,0.6785714285714285,0.0312725338422858,0.0143233430472178,1.0,44.38461538461539,38,47,0.45,47,final_portfolio,True,9,13
final_portfolio_a0.40_k47,0.5885265151515151,0.0569457773114409,0.4922121212121212,0.499900687420371,0.6141473484848485,0.0702473260847399,0.4949984848484848,0.5159206651187987,0.0107997049340086,0.0085740962124695,-0.0285233404561434,0.5384615384615385,0.0154076408113771,-0.02638444789539,0.6785714285714285,0.0313997180958892,0.0152210652438935,1.0,44.38461538461539,38,47,0.4,47,final_portfolio,True,10,14
final_portfolio_a0.35_k47,0.5897613636363636,0.0640382013146612,0.485030303030303,0.4981986419897459,0.6188950757575757,0.0835800806407066,0.4854439393939393,0.5152847760268384,0.0108847641321446,0.0084618137925484,-0.0277888403017178,0.5384615384615385,0.0153982668252298,-0.0261587166833922,0.6785714285714285,0.0315241505415943,0.0151678078862187,1.0,44.38461538461539,38,47,0.35,47,final_portfolio,True,11,15
final_portfolio_a0.30_k47,0.587405303030303,0.0786514008619859,0.4854545454545454,0.4953119432471347,0.6203814393939394,0.1009117850467029,0.4867075757575758,0.5148336510407843,0.0109682109207445,0.0083495551152789,-0.0270543401472922,0.5384615384615385,0.0153879772271692,-0.0259329854713944,0.6785714285714285,0.0316459686524238,0.0150600796878869,1.0,44.38461538461539,38,47,0.3,47,final_portfolio,True,13,16
final_portfolio_a0.30_k41,0.5705568181818181,0.1049703926374657,0.4979393939393939,0.4848497410392837,0.604680303030303,0.1241313010352111,0.4922121212121212,0.5036820971692062,0.0108380041153235,0.0082630230595882,-0.0285931965183163,0.5576923076923077,0.0150021303081462,-0.0259329854713944,0.6785714285714285,0.032196994404439,0.0137020520564207,1.0,40.92307692307692,38,41,0.3,41,final_portfolio,True,16,17
final_portfolio_a0.30_k56,0.5677196969696969,0.0759031831760265,0.4907575757575757,0.4841168786520943,0.5854575757575757,0.0730000749320344,0.5048439393939393,0.4994584015977056,0.0108301788099366,0.0083352741697269,-0.0270543401472922,0.5384615384615385,0.0151646506124549,-0.0259329854713944,0.6785714285714285,0.0310591135491375,0.0150600796878869,1.0,45.61538461538461,38,56,0.3,56,final_portfolio,True,17,18
final_portfolio_a0.30_k59,0.5671893939393939,0.0764287439648225,0.4907575757575757,0.4837196256035177,0.584939393939394,0.0735755497335564,0.5027712121212121,0.4985458541175535,0.0108261146657909,0.0083280407578225,-0.0270543401472922,0.5384615384615385,0.0151512171332039,-0.0259329854713944,0.6785714285714285,0.0310591135491375,0.0150600796878869,1.0,45.67307692307692,38,59,0.3,59,final_portfolio,True,18,19
final_portfolio_a0.30_k53,0.5635795454545455,0.0752877738759888,0.4866666666666666,0.4804645938245223,0.5859371212121212,0.0816302199867342,0.4986257575757576,0.4973525461831448,0.0108216135541153,0.008259732765256,-0.0270543401472922,0.5384615384615385,0.0151892890578742,-0.0259329854713944,0.6785714285714285,0.0311568135238898,0.0150600796878869,1.0,45.46153846153846,38,53,0.3,53,final_portfolio,True,21,20
final_portfolio_a0.35_k56,0.5602121212121212,0.0707298084832753,0.4866060606060606,0.4787164130910664,0.5731962121212121,0.0544791246793342,0.5161893939393939,0.4961769738957029,0.0106993574069502,0.0084452992428886,-0.0277888403017178,0.5384615384615385,0.0151410838675929,-0.0261587166833922,0.6785714285714285,0.0308475147046092,0.0151678078862187,1.0,45.61538461538461,38,56,0.35,56,final_portfolio,True,23,21
final_portfolio_a0.35_k41,0.5617613636363636,0.0965445565399608,0.4929090909090908,0.478717703436913,0.5959984848484847,0.1153815099163575,0.4810848484848484,0.4961320762810914,0.0107161704477563,0.0083705811414862,-0.0296067036052255,0.5384615384615385,0.0149457146592719,-0.0261587166833922,0.6785714285714285,0.0321728512529677,0.0135793507300146,1.0,40.92307692307692,38,41,0.35,41,final_portfolio,True,22,22
final_portfolio_a0.35_k53,0.561314393939394,0.0685372983778861,0.4913939393939393,0.4808491110713023,0.5759462121212121,0.0591439321985703,0.5063439393939394,0.4950366295074157,0.0107148105309178,0.0083569584089312,-0.0277888403017178,0.5384615384615385,0.0151684131237991,-0.0261587166833922,0.6785714285714285,0.030957919140305,0.0151678078862187,1.0,45.46153846153846,38,53,0.35,53,final_portfolio,True,20,23
final_portfolio_a0.35_k59,0.5591515151515152,0.0716344127881318,0.4866060606060606,0.4779365587211868,0.5721598484848485,0.0555819823446738,0.5120439393939393,0.4943566881291689,0.0106944780272358,0.0084366148650598,-0.0277888403017178,0.5384615384615385,0.0151249557373394,-0.0261587166833922,0.6785714285714285,0.0308475147046092,0.0151678078862187,1.0,45.67307692307692,38,59,0.35,59,final_portfolio,True,25,24
final_portfolio_a0.30_k50,0.5598901515151515,0.0755766972304042,0.4748484848484848,0.4750830499739292,0.5873780303030304,0.0890113686269046,0.4806621212121212,0.4930601131373096,0.0108131884085966,0.0082434620407892,-0.0270543401472922,0.5384615384615385,0.0151971330464649,-0.0259329854713944,0.6785714285714285,0.0312407599061985,0.0150600796878869,1.0,45.07692307692308,38,50,0.3,50,final_portfolio,True,27,25
final_portfolio_a0.40_k41,0.5552689393939394,0.0756304974893203,0.5009090909090909,0.4785890335844013,0.5873280303030304,0.09384719895145,0.4809575757575757,0.4926178937412186,0.0105961972906201,0.0084811636402979,-0.0306268158982568,0.5384615384615385,0.0148873632256276,-0.02638444789539,0.6785714285714285,0.0321477465683872,0.0134554340628408,1.0,40.92307692307692,38,41,0.4,41,final_portfolio,True,24,26
pure_capacity,0.5745530303030303,0.1322830138056506,0.4828939393939394,0.4809546531648895,0.6087734848484848,0.1624733979973896,0.4509030303030303,0.4921811829275337,0.0114610970878266,0.0076765961143989,-0.0245785981994078,0.5576923076923077,0.0153087855083911,-0.0245785981994078,0.6785714285714285,0.0323287066163068,0.014413710497896,1.0,33.0,33,33,0.0,33,final_portfolio,False,19,27
final_portfolio_a0.35_k50,0.555155303030303,0.0635506027225938,0.4729090909090909,0.4727231594247103,0.5768780303030303,0.0678857496472218,0.4793984848484849,0.4880317659443687,0.0107037556323707,0.0083373066081009,-0.0277888403017178,0.5384615384615385,0.0151756422195229,-0.0261587166833922,0.6785714285714285,0.0310516281170012,0.0151678078862187,1.0,45.07692307692308,38,50,0.35,50,final_portfolio,True,29,28
final_portfolio_a0.40_k53,0.5530416666666667,0.0739222404461319,0.4847575757575758,0.473274253228114,0.5640575757575758,0.0582719448429955,0.5028257575757576,0.486516669152064,0.0105943212002016,0.0084542006725291,-0.0285233404561434,0.5384615384615385,0.015147266950733,-0.02638444789539,0.6785714285714285,0.0307579755668155,0.0152210652438935,1.0,45.46153846153846,38,53,0.4,53,final_portfolio,True,28,29
final_portfolio_a0.40_k50,0.5508295454545453,0.065741777685263,0.4767575757575757,0.4706544207163221,0.5671257575757576,0.0596468398676606,0.4870530303030302,0.4844303160132339,0.0105927075834902,0.0084309677039359,-0.0285233404561434,0.5384615384615385,0.0151532888222975,-0.02638444789539,0.6785714285714285,0.0308601022461153,0.0152210652438935,1.0,45.07692307692308,38,50,0.4,50,final_portfolio,True,31,30
final_portfolio_a0.40_k56,0.5531174242424242,0.0773078933461686,0.4803636363636363,0.4718864455138679,0.5622655303030303,0.0566523249593117,0.4981621212121212,0.4843478925040688,0.0105675477822402,0.0085553972074179,-0.0285233404561434,0.5384615384615385,0.0151176524924136,-0.02638444789539,0.6785714285714285,0.030635915860081,0.0152210652438935,1.0,45.61538461538461,38,56,0.4,56,final_portfolio,True,30,31
final_portfolio_a0.40_k59,0.5507689393939393,0.0787364002679697,0.4803636363636363,0.4702170796701727,0.5600632575757576,0.0581602492313334,0.4981621212121212,0.4827656228041394,0.0105618122124215,0.0085451889722971,-0.0285233404561434,0.5384615384615385,0.0150986943414748,-0.02638444789539,0.6785714285714285,0.030635915860081,0.0152210652438935,1.0,45.67307692307692,38,59,0.4,59,final_portfolio,True,32,32
final_portfolio_a0.45_k50,0.5481818181818181,0.0815383183537854,0.4839696969696969,0.4691567742252274,0.5577371212121213,0.0696923930850823,0.4953984848484848,0.4794095106914918,0.0104785238112064,0.0085244448685844,-0.029257840610569,0.5384615384615385,0.0151300581240545,-0.0269142930609824,0.6785714285714285,0.0306661161323528,0.0143233430472178,1.0,45.07692307692308,38,50,0.45,50,final_portfolio,True,33,33
final_portfolio_a0.45_k41,0.5392537878787879,0.0647600823870379,0.4609545454545454,0.4592775902461447,0.5730257575757575,0.0819141958100462,0.4534212121212121,0.4776306258735408,0.0104561710646404,0.0085948561944599,-0.0316535981794645,0.5192307692307692,0.0148268727134384,-0.0269142930609824,0.6428571428571428,0.0321215031178774,0.0133302839083399,1.0,40.92307692307692,38,41,0.45,41,final_portfolio,True,37,34
final_portfolio_a0.45_k53,0.5442727272727272,0.0839221162887799,0.4770454545454545,0.4646464247347583,0.5514030303030304,0.0688591095871889,0.4780848484848485,0.471047270859463,0.0104618114622472,0.0085514621851727,-0.029257840610569,0.5384615384615385,0.0151258524681821,-0.0269142930609824,0.6785714285714285,0.0305569725132538,0.0143233430472178,1.0,45.46153846153846,38,53,0.45,53,final_portfolio,True,34,35
final_portfolio_a0.45_k56,0.5414696969696969,0.0925264542867788,0.4693181818181818,0.4600322030561706,0.5468905303030303,0.0750955388303531,0.4697939393939394,0.4654177756624192,0.0104332439536605,0.0086655691516743,-0.029257840610569,0.5384615384615385,0.0150943585081559,-0.0269142930609824,0.6785714285714285,0.0304243170155528,0.0143233430472178,1.0,45.61538461538461,38,56,0.45,56,final_portfolio,True,36,36
final_portfolio_a0.45_k59,0.5403333333333332,0.0929066786685999,0.4693181818181818,0.459255544254352,0.5455950757575757,0.0753524296947269,0.4697939393939394,0.4645500411214364,0.0104266106276996,0.0086537630795343,-0.029257840610569,0.5384615384615385,0.0150724329456103,-0.0269142930609824,0.6785714285714285,0.0304243170155528,0.0143233430472178,1.0,45.67307692307692,38,59,0.45,59,final_portfolio,True,38,37
final_portfolio_a0.50_k44,0.562844696969697,0.1295067602919543,0.4312727272727272,0.4607165588192894,0.5702734848484848,0.1452406107298,0.4226030303030303,0.4618044616542928,0.0104316484930536,0.0091206746503441,-0.0299923407649946,0.5192307692307692,0.0154572063908218,-0.0276284076980741,0.6428571428571428,0.0300471116056508,0.0135595456733504,1.0,43.21153846153846,38,44,0.5,44,final_portfolio,True,35,38
final_portfolio_a0.50_k56,0.5259545454545455,0.0991822666388031,0.4319848484848484,0.4399484400027863,0.5302825757575758,0.0904515882625334,0.452530303030303,0.4487710911737466,0.0102815663826596,0.0087734232223103,-0.0299923407649946,0.5384615384615385,0.0150667599014605,-0.0276284076980741,0.6428571428571428,0.0302127181710246,0.0134256208505421,1.0,45.61538461538461,38,56,0.5,56,final_portfolio,True,39,39
portfolio_55_all_union,0.5247045454545454,0.0993842350791981,0.4319848484848484,0.4391157431587468,0.529246212121212,0.0903886794512116,0.452530303030303,0.4481037456912424,0.0102753376144062,0.0087623371867716,-0.0299923407649946,0.5384615384615385,0.0150461715497457,-0.0276284076980741,0.6428571428571428,0.0302127181710246,0.0134256208505421,1.0,45.67307692307692,38,59,0.5,999,final_portfolio,False,40,40
final_portfolio_a0.50_k59,0.5247045454545454,0.0993842350791981,0.4319848484848484,0.4391157431587468,0.529246212121212,0.0903886794512116,0.452530303030303,0.4481037456912424,0.0102753376144062,0.0087623371867716,-0.0299923407649946,0.5384615384615385,0.0150461715497457,-0.0276284076980741,0.6428571428571428,0.0302127181710246,0.0134256208505421,1.0,45.67307692307692,38,59,0.5,59,final_portfolio,True,41,41
final_portfolio_a0.50_k53,0.5232272727272727,0.1044195591336232,0.4041060606060606,0.4306822865108801,0.5261371212121212,0.0963113476542794,0.4219575757575757,0.4378473879618448,0.010240176457669,0.0087722313756446,-0.0299923407649946,0.5384615384615385,0.0150683455552228,-0.0276284076980741,0.6428571428571428,0.030029846494311,0.0134256208505421,1.0,45.46153846153846,38,53,0.5,53,final_portfolio,True,42,42
final_portfolio_a0.50_k50,0.5264469696969697,0.1163490681477997,0.3616818181818182,0.4209760780337049,0.5376837121212121,0.1168072803710266,0.3761848484848484,0.4318598969628973,0.0102255060253068,0.0087413911884664,-0.0299923407649946,0.5192307692307692,0.0150537330845828,-0.0276284076980741,0.6428571428571428,0.0300061584142468,0.0134256208505421,1.0,45.07692307692308,38,50,0.5,50,final_portfolio,True,44,43
final_portfolio_a0.55_k44,0.5472272727272728,0.160036488966531,0.3502878787878788,0.4272660480730438,0.5485462121212121,0.1794099462891601,0.348430303030303,0.4257216190074476,0.0102757565679606,0.0091978480700745,-0.0307268409194202,0.5384615384615384,0.0153794934583519,-0.0283425223351659,0.6428571428571428,0.0298278491113713,0.0126358349389244,1.0,43.21153846153846,38,44,0.55,44,final_portfolio,True,43,44
final_portfolio_a0.50_k47,0.5165984848484849,0.1398047325186773,0.3777424242424242,0.4162441479602535,0.5230405303030303,0.1526118018699395,0.3742484848484849,0.418277285722097,0.0101908833229374,0.0088296082710129,-0.0299923407649946,0.5192307692307692,0.0151404178097526,-0.0276284076980741,0.6428571428571428,0.029773631768612,0.0134256208505421,1.0,44.38461538461539,38,47,0.5,47,final_portfolio,True,45,45
final_portfolio_a0.55_k56,0.5119393939393939,0.1252750843667064,0.3643484848484848,0.4113202188360566,0.5133780303030303,0.1231857715106982,0.3788666666666667,0.4160938092125665,0.0101458569451697,0.0088810934471739,-0.0307268409194202,0.5384615384615384,0.015038819866902,-0.0283425223351659,0.6428571428571428,0.0300011193264964,0.0125278986538663,1.0,45.61538461538461,38,56,0.55,56,final_portfolio,True,46,46
final_portfolio_a0.55_k59,0.5108787878787879,0.1254987263918927,0.3643484848484848,0.4106084606941441,0.5123416666666667,0.1230451748200131,0.3788666666666667,0.4154342325179987,0.0101401360296842,0.0088709112940088,-0.0307268409194202,0.5384615384615384,0.0150199101538812,-0.0283425223351659,0.6428571428571428,0.0300011193264964,0.0125278986538663,1.0,45.67307692307692,38,59,0.55,59,final_portfolio,True,47,47
final_portfolio_a0.55_k53,0.509439393939394,0.1325035877158643,0.3358636363636363,0.4018511563799287,0.5109814393939394,0.129921440399041,0.3488121212121212,0.4063488218691867,0.0101070721276371,0.0088799938083294,-0.0307268409194202,0.5384615384615384,0.0150381489274061,-0.0283425223351659,0.6428571428571428,0.0298321776491688,0.0125278986538663,1.0,45.46153846153846,38,53,0.55,53,final_portfolio,True,48,48
final_portfolio_a0.55_k50,0.5060303030303029,0.1494108736330111,0.2843484848484848,0.385065730818517,0.5129200757575757,0.157304539227974,0.2874939393939393,0.3895410801681116,0.0100921538245317,0.0088529789377337,-0.0307268409194202,0.5192307692307693,0.015023066606849,-0.0283425223351659,0.6428571428571428,0.0298064965041603,0.0125278986538663,1.0,45.07692307692308,38,50,0.55,50,final_portfolio,True,55,49
final_portfolio_a0.50_k41,0.5348825757575757,0.2381541680436072,0.2619848484848485,0.3893544695592756,0.542180303030303,0.2566056071762609,0.2502121212121212,0.3893096665551012,0.0102648560844907,0.0095036880098993,-0.0287364935241592,0.5192307692307693,0.0154573014128227,-0.0276284076980741,0.6428571428571428,0.0300683423843415,0.0142954995136016,1.0,40.92307692307692,38,41,0.5,41,final_portfolio,True,51,50
final_portfolio_a0.60_k56,0.5010530303030303,0.1491019714807588,0.3057727272727273,0.3872174543670756,0.5001439393939394,0.1543335541613768,0.3122212121212121,0.387715508220226,0.0100101209822158,0.0089887164617024,-0.0314613410738459,0.5384615384615384,0.0150107921560069,-0.0290566369722576,0.6428571428571428,0.0297895204819682,0.0116301764571906,1.0,45.61538461538461,38,56,0.6,56,final_portfolio,True,53,51
final_portfolio_a0.60_k59,0.4999924242424242,0.1491847752447618,0.3057727272727273,0.3865197800512814,0.4991075757575758,0.1540724214908352,0.3122212121212121,0.3870679851236438,0.0100049344449623,0.0089794854012461,-0.0314613410738459,0.5384615384615384,0.0149936487580167,-0.0290566369722576,0.6428571428571428,0.0297895204819682,0.0116301764571906,1.0,45.67307692307692,38,59,0.6,59,final_portfolio,True,54,52
final_portfolio_a0.55_k47,0.5055,0.16785118776785,0.3055606060606061,0.3881800327383665,0.5049325757575758,0.1835486485634335,0.3064939393939394,0.3864747942345657,0.0100621823452074,0.0089324173725883,-0.0307268409194202,0.5384615384615384,0.0150979753904975,-0.0283425223351659,0.6428571428571428,0.0295925643963879,0.0125278986538663,1.0,44.38461538461539,38,47,0.55,47,final_portfolio,True,52,53
final_portfolio_a0.50_k38,0.515560606060606,0.1909592842265682,0.3209545454545454,0.3962571018803734,0.5183007575757576,0.216184749136699,0.283330303030303,0.3861095932681482,0.0096093019991545,0.0101689159558767,-0.0329220973351186,0.5384615384615385,0.0154103352920601,-0.0312988479609071,0.6428571428571428,0.0310436204407081,0.0141979176791145,1.0,38.0,38,38,0.5,38,final_portfolio,True,49,54
final_portfolio_a0.60_k44,0.5271666666666667,0.1881547969547412,0.2740454545454545,0.3923542172742228,0.5248121212121213,0.2138506892274557,0.2617666666666666,0.3851844765318,0.0101189419195556,0.0092739685213686,-0.0314613410738459,0.5384615384615384,0.015304417917029,-0.0290566369722576,0.6428571428571428,0.0296147738632994,0.011714957673009,1.0,43.21153846153846,38,44,0.6,44,final_portfolio,True,50,55
final_portfolio_a0.60_k53,0.4974924242424242,0.1616122173011425,0.2697121212121212,0.3746368843304917,0.494767803030303,0.1671214075432763,0.2718030303030303,0.3728376887911269,0.009974289650433,0.0089877134770583,-0.0314613410738459,0.5384615384615384,0.0150083392826422,-0.0290566369722576,0.6428571428571428,0.0296355011197852,0.0116301764571906,1.0,45.46153846153846,38,53,0.6,53,final_portfolio,True,57,56
final_portfolio_a0.55_k41,0.5185795454545454,0.2450797946777692,0.2813787878787879,0.3829134220473745,0.5186643939393939,0.2757390651327614,0.2392212121212121,0.3693632525776329,0.0101296002265713,0.0095453374113385,-0.0296206929319724,0.5384615384615384,0.0153793752073795,-0.0283425223351659,0.6428571428571428,0.0298471488513944,0.0132539792546787,1.0,40.92307692307692,38,41,0.55,41,final_portfolio,True,56,57
final_portfolio_a0.60_k50,0.50325,0.1826854029182242,0.2288030303030303,0.3660447172839352,0.502367803030303,0.1932170615545501,0.2225757575757575,0.3628613052081814,0.0099623565225615,0.0089643400637514,-0.0314613410738459,0.5384615384615384,0.0149932508099339,-0.0290566369722576,0.6428571428571428,0.029608902401434,0.0116301764571906,1.0,45.07692307692308,38,50,0.6,50,final_portfolio,True,59,58
final_portfolio_a0.55_k38,0.4993598484848485,0.2031244578646435,0.2741363636363636,0.3728055466377781,0.4939371212121212,0.2340491676266667,0.2536757575757576,0.3610731514191516,0.0094687723129104,0.0101349193376027,-0.0333959285030742,0.5576923076923077,0.015329350058979,-0.0316607225314183,0.6428571428571428,0.0306963230469832,0.0131200814303846,1.0,38.0,38,38,0.55,38,final_portfolio,True,58,59
final_portfolio_a0.65_k56,0.4915151515151515,0.1816071107549692,0.2358636363636363,0.3602900465002606,0.4863098484848485,0.1943558793975756,0.2331757575757576,0.3549597529693333,0.009874358867396,0.0090962929308302,-0.0321958412282715,0.5384615384615384,0.0149826780036533,-0.0297707516093493,0.6428571428571428,0.02957792163744,0.0107324542605149,1.0,45.61538461538461,38,56,0.65,56,final_portfolio,True,61,60
final_portfolio_a0.65_k59,0.4902272727272727,0.1815479510129157,0.2358636363636363,0.3594588412623448,0.4851439393939394,0.1939536843782151,0.2331757575757576,0.3542421315621785,0.0098697328602403,0.0090880595084834,-0.0321958412282715,0.5384615384615384,0.0149673873621521,-0.0297707516093493,0.6428571428571428,0.02957792163744,0.0107324542605149,1.0,45.67307692307692,38,59,0.65,59,final_portfolio,True,62,61
final_portfolio_a0.65_k44,0.512280303030303,0.2127380675032416,0.2126212121212121,0.3648636932496759,0.5048257575757575,0.242942270227359,0.1910121212121212,0.3515955457045367,0.0099639788010755,0.0093490648508093,-0.0321958412282715,0.5384615384615384,0.0152318382624232,-0.0297707516093493,0.6428571428571428,0.0294075441990956,0.0107969008581376,1.0,43.21153846153846,38,44,0.65,44,final_portfolio,True,60,62
final_portfolio_a0.60_k47,0.49125,0.1964070894273387,0.2312272727272727,0.3574786092390842,0.4863189393939394,0.2201866456216724,0.2187757575757575,0.3487825854378328,0.0099317149653602,0.0090349819549945,-0.0314613410738459,0.5384615384615384,0.0150571758469897,-0.0290566369722576,0.6428571428571428,0.0294148025641034,0.0116301764571906,1.0,44.38461538461539,38,47,0.6,47,final_portfolio,True,63,63
final_portfolio_a0.65_k53,0.4899999999999999,0.192191611050344,0.2088939393939393,0.3515043237434503,0.4836109848484848,0.2051571337000159,0.2013939393939394,0.3441799116299984,0.0098418265460008,0.0090953916854592,-0.0321958412282715,0.5384615384615384,0.0149789147100486,-0.0297707516093493,0.6428571428571428,0.0294398076896051,0.0107324542605149,1.0,45.46153846153846,38,53,0.65,53,final_portfolio,True,65,64
final_portfolio_a0.60_k41,0.4993295454545454,0.2544218489064709,0.2293484848484848,0.3564591408669286,0.4968303030303029,0.2918451776666401,0.1996121212121212,0.3436582095060632,0.0099936776137078,0.0095851677209229,-0.0304994004179979,0.5384615384615384,0.015304244314409,-0.0290566369722576,0.6428571428571428,0.0296321349761966,0.0122257267697548,1.0,40.92307692307692,38,41,0.6,41,final_portfolio,True,64,65
final_portfolio_a0.65_k50,0.4941666666666666,0.2103550867259416,0.1770757575757575,0.3444417640546785,0.4898723484848485,0.2288535178176432,0.162530303030303,0.336164250490963,0.009830329976746,0.009075483726519,-0.0321958412282715,0.5384615384615384,0.0149642704175679,-0.0297707516093493,0.6428571428571428,0.0294133244538849,0.0107324542605149,1.0,45.07692307692308,38,50,0.65,50,final_portfolio,True,66,66
final_portfolio_a0.60_k38,0.4761628787878787,0.2132235244828917,0.2190151515151515,0.3429373066426199,0.4690643939393939,0.2490065340155515,0.1924212121212121,0.3280965056893539,0.0093246268198206,0.0101014053042737,-0.033862117232837,0.5384615384615384,0.015253448383132,-0.0320191831908869,0.6428571428571428,0.030362923229887,0.0120672281410624,1.0,38.0,38,38,0.6,38,final_portfolio,True,67,67
final_portfolio_a0.50_k35,0.4933636363636363,0.2575691146647849,0.1269393939393939,0.3266643006547336,0.5052121212121212,0.2825423627273213,0.1117848484848484,0.3280798546363588,0.0094828148537675,0.0099651644721547,-0.035202676423648,0.5384615384615384,0.0157562009001205,-0.0319566787794219,0.6785714285714285,0.0309411433342217,0.0117272200249259,1.0,35.0,35,35,0.5,35,final_portfolio,True,74,68
final_portfolio_a0.65_k47,0.4852121212121211,0.2194567299335595,0.182530303030303,0.3390747815520985,0.4782621212121212,0.2477636880032568,0.1656393939393939,0.3275038584724015,0.009802321213021,0.0091373150859827,-0.0321958412282715,0.5384615384615384,0.0150179619062975,-0.0297707516093493,0.6428571428571428,0.0292402095276137,0.0107324542605149,1.0,44.38461538461539,38,47,0.65,47,final_portfolio,True,68,69
final_portfolio_a0.70_k44,0.4927954545454545,0.2284821563873635,0.163530303030303,0.3383514055733849,0.4823859848484848,0.2601810511029723,0.1387121212121212,0.3222108153442482,0.0094186806049888,0.0094231636722385,-0.0329303413826971,0.5384615384615384,0.0151616222552994,-0.030484866246441,0.6428571428571428,0.0292058439644372,0.0098816515564616,1.0,43.21153846153846,38,44,0.7,44,final_portfolio,True,69,70
final_portfolio_a0.65_k41,0.4852765151515152,0.2604216426797322,0.1811969696969697,0.3346868130047541,0.4814212121212121,0.3015029122839487,0.1510939393939394,0.3205469814988779,0.009822734008184,0.0096232721289352,-0.0313726669907972,0.5384615384615384,0.0152317125153604,-0.0297707516093493,0.6428571428571428,0.0294229359018672,0.0112104901390704,1.0,40.92307692307692,38,41,0.65,41,final_portfolio,True,70,71
final_portfolio_a0.70_k56,0.4744090909090909,0.209555437819549,0.1722272727272727,0.3304671834907723,0.4646746212121212,0.2293191961049512,0.1579030303030303,0.3185823417531412,0.0093461759718193,0.0092038235070628,-0.0329303413826971,0.5384615384615384,0.0149544786216373,-0.030484866246441,0.6428571428571428,0.0293663227929118,0.0098347320638392,1.0,45.61538461538461,38,56,0.7,56,final_portfolio,True,71,72
final_portfolio_a0.70_k59,0.4738787878787879,0.2095160754728445,0.1722272727272727,0.3301264227557458,0.4641564393939394,0.2291404675015942,0.1579030303030303,0.3182633964316588,0.0093421362800123,0.0091966336157206,-0.0329303413826971,0.5384615384615384,0.0149411259662876,-0.030484866246441,0.6428571428571428,0.0293663227929118,0.0098347320638392,1.0,45.67307692307692,38,59,0.7,59,final_portfolio,True,72,73
final_portfolio_a0.55_k35,0.483655303030303,0.2603634532684359,0.1178787878787878,0.3178092986125503,0.4887234848484848,0.2849597902891064,0.1001666666666666,0.3142159527892711,0.0093406597679485,0.0099492433669341,-0.0354422817781544,0.5576923076923077,0.0156283717485933,-0.0322630315337314,0.6785714285714285,0.0305811629812443,0.0108844091559517,1.0,35.0,35,35,0.55,35,final_portfolio,True,78,74
final_portfolio_a0.70_k53,0.4757727272727272,0.2161611237663135,0.1561666666666666,0.326677827017308,0.4653439393939393,0.2356041145028268,0.1401121212121212,0.3139411794588082,0.0093172853515934,0.0092030296893787,-0.0329303413826971,0.5384615384615384,0.0149498732634868,-0.030484866246441,0.6428571428571428,0.0292450882558581,0.0098347320638392,1.0,45.46153846153846,38,53,0.7,53,final_portfolio,True,73,75
final_portfolio_a0.70_k50,0.4817575757575757,0.2256046286357876,0.1391969696969697,0.3253812038030879,0.4741530303030303,0.2479399080964165,0.1200757575757575,0.3134244182812675,0.0093065492859398,0.0091864186154552,-0.0329303413826971,0.5384615384615384,0.0149361103373816,-0.030484866246441,0.6428571428571428,0.029219712693195,0.0098347320638392,1.0,45.07692307692308,38,50,0.7,50,final_portfolio,True,75,76
final_portfolio_a0.70_k47,0.4749848484848484,0.2332107078900191,0.1422272727272727,0.3209758989079677,0.4651859848484849,0.2639085969324715,0.1218030303030303,0.3064307880340256,0.0092815637575634,0.0092394288506635,-0.0329303413826971,0.5384615384615384,0.0149802788560884,-0.030484866246441,0.6428571428571428,0.0290686559062433,0.0098347320638392,1.0,44.38461538461539,38,47,0.7,47,final_portfolio,True,76,77
final_portfolio_a0.65_k38,0.4584696969696969,0.2206987247630338,0.1720757575757575,0.318954369947939,0.4482007575757576,0.2584878502647738,0.1454575757575757,0.301846101337159,0.0091857489149334,0.0100683479910654,-0.0343208469429237,0.5576923076923077,0.0151821695686305,-0.032374278022567,0.6428571428571428,0.0300424426260726,0.0110384991496951,1.0,38.0,38,38,0.65,38,final_portfolio,True,77,78
final_portfolio_a0.60_k35,0.4740568181818181,0.2608032948965612,0.1094545454545454,0.309420238692162,0.4738939393939394,0.2889717413762972,0.0893484848484848,0.3014710076805521,0.009203398470571,0.0099344716059489,-0.0356754547741506,0.5576923076923077,0.0155091119343338,-0.0325633773712898,0.6785714285714285,0.0302420689179186,0.0100706607307352,1.0,35.0,35,35,0.6,35,final_portfolio,True,80,79
final_portfolio_a0.70_k41,0.4680189393939394,0.2574928280882271,0.1500151515151515,0.3159668156760258,0.4621257575757576,0.3002764939694389,0.1223939393939394,0.3009525778757834,0.0092778902916574,0.0096597360696308,-0.0322405430291965,0.5384615384615384,0.0151616013241846,-0.030484866246441,0.6428571428571428,0.0292192194964873,0.0102080237804702,1.0,40.92307692307692,38,41,0.7,41,final_portfolio,True,79,80
final_portfolio_a0.65_k35,0.4592007575757575,0.2440997636260074,0.1016666666666666,0.2994871827283083,0.4579030303030303,0.2800246248026551,0.079330303030303,0.28946708297428,0.0090571708335998,0.0099207577944192,-0.035902451002041,0.5576923076923077,0.0153976078052882,-0.0328578912508373,0.6428571428571428,0.0299219902548,0.0092844969978989,1.0,35.0,35,35,0.65,35,final_portfolio,True,83,81
final_portfolio_a0.70_k38,0.450280303030303,0.2245577559966186,0.140530303030303,0.3053589971276109,0.4379939393939394,0.2625666160257995,0.1156757575757575,0.2873583383974201,0.0090484020729779,0.0100357244594486,-0.0347722952290407,0.5576923076923077,0.015115106788454,-0.0327260542109605,0.6428571428571428,0.029734003038863,0.0100330746985854,1.0,38.0,38,38,0.7,38,final_portfolio,True,81,82
final_portfolio_a0.70_k35,0.4504659090909091,0.2431413922253716,0.0968484848484848,0.292700822898675,0.4451712121212121,0.2813946821247678,0.0737121212121212,0.2796498499693414,0.0089335259177951,0.0099080173368319,-0.0361235126880257,0.5576923076923077,0.0152931453879209,-0.0331467414019321,0.6428571428571428,0.0296192820922259,0.0085245387228239,1.0,35.0,35,35,0.7,35,final_portfolio,True,84,83
pure_current,0.4532007575757575,0.216539881684295,0.1090909090909091,0.3001992315285401,0.4350189393939394,0.2569458163429734,0.0711757575757575,0.2748616683657027,0.0082561689798825,0.0098480782591442,-0.0373373423092508,0.5769230769230769,0.0147835575911003,-0.0347695540689914,0.6428571428571428,0.0280967297257425,0.004448398883785,1.0,31.0,31,31,1.0,31,final_portfolio,False,82,84
