candidate,window_id,entry_date,start_date,end_date,trading_days,portfolio_return,benchmark_return,excess_return,n_holdings,max_weight,avg_top5_weight,n_with_notes,model0_weight,model1_weight,top_k,internal_max_weight,weighting,risk_filter_enabled,window_rank
balanced_extra_wide_capacity,w01,2026-01-22,2026-01-23,2026-01-29,5,0.02924229429910857,0.01552864676942578,0.01371364752968279,64,0.015625,0.078125,0,0.725,0.275,64,0.03,equal,False,5.0
balanced_medium_current,w01,2026-01-22,2026-01-23,2026-01-29,5,-0.009861438973137758,0.01552864676942578,-0.025390085742563538,49,0.020408163265306124,0.10204081632653061,0,0.0,1.0,49,0.03,equal,True,11.0
economic_medium_capacity,w01,2026-01-22,2026-01-23,2026-01-29,5,0.05088178329661592,0.01552864676942578,0.03535313652719014,30,0.036000000004219955,0.18000000002109978,0,0.998,0.0020000000000000018,30,0.036,rank,True,1.0
recent_compact_capacity,w01,2026-01-22,2026-01-23,2026-01-29,5,-0.01851583794422609,0.01552864676942578,-0.034044484713651874,31,0.032972380952380954,0.16486190476190477,0,0.055,0.945,31,0.030758,rank,True,12.0
recent_compact_current,w01,2026-01-22,2026-01-23,2026-01-29,5,-0.0006470576824074488,0.01552864676942578,-0.01617570445183323,37,0.027027027027027035,0.13513513513513517,0,0.825,0.17500000000000004,37,0.03,equal,True,10.0
short_aggressive_compact_capacity,w01,2026-01-22,2026-01-23,2026-01-29,5,0.031924383045042116,0.01552864676942578,0.016395736275616336,31,0.03225806451612904,0.16129032258064518,0,0.9455,0.05449999999999999,31,0.03225806451612903,equal,True,3.0
short_aggressive_medium_capacity,w01,2026-01-22,2026-01-23,2026-01-29,5,0.031924383045042116,0.01552864676942578,0.016395736275616336,31,0.03225806451612904,0.16129032258064518,0,0.9455,0.05449999999999999,31,0.03225806451612903,equal,True,3.0
short_aggressive_wide_capacity,w01,2026-01-22,2026-01-23,2026-01-29,5,0.04892767799116597,0.01552864676942578,0.03339903122174019,30,0.036000000004219955,0.18000000002109978,0,0.5935,0.4065,30,0.036,rank,True,2.0
stable_compact_capacity,w01,2026-01-22,2026-01-23,2026-01-29,5,0.00647439159255154,0.01552864676942578,-0.00905425517687424,33,0.030303030303030304,0.15151515151515152,0,0.978,0.02200000000000002,33,0.030303030303030304,equal,True,9.0
stable_compact_current,w01,2026-01-22,2026-01-23,2026-01-29,5,0.016886529671800782,0.01552864676942578,0.0013578829023750023,31,0.03253310000000001,0.16266550000000005,0,0.5465,0.4535,31,0.031758,rank,True,6.0
stable_extra_wide_capacity,w01,2026-01-22,2026-01-23,2026-01-29,5,0.01680863290678385,0.01552864676942578,0.0012799861373580697,46,0.02173913043478261,0.10869565217391305,0,0.285,0.7150000000000001,46,0.03,equal,False,7.0
stable_medium_capacity,w01,2026-01-22,2026-01-23,2026-01-29,5,0.007578073007717811,0.01552864676942578,-0.00795057376170797,93,0.01075268817204301,0.05376344086021505,0,0.7725,0.22750000000000004,93,0.03,equal,True,8.0
balanced_extra_wide_capacity,w02,2026-01-29,2026-01-30,2026-02-05,5,-0.03775012102832437,-0.04364203472639738,0.005891913698073015,64,0.015625,0.078125,0,0.725,0.275,64,0.03,equal,False,1.0
balanced_medium_current,w02,2026-01-29,2026-01-30,2026-02-05,5,-0.0605531345242915,-0.04364203472639738,-0.016911099797894118,49,0.020408163265306124,0.10204081632653061,0,0.0,1.0,49,0.03,equal,True,8.0
economic_medium_capacity,w02,2026-01-29,2026-01-30,2026-02-05,5,-0.07621963624307927,-0.04364203472639738,-0.03257760151668189,30,0.036000000004219955,0.18000000002109978,0,0.998,0.0020000000000000018,30,0.036,rank,True,10.0
recent_compact_capacity,w02,2026-01-29,2026-01-30,2026-02-05,5,-0.08464590426731837,-0.04364203472639738,-0.04100386954092099,31,0.032972380952380954,0.16486190476190477,0,0.055,0.945,31,0.030758,rank,True,12.0
recent_compact_current,w02,2026-01-29,2026-01-30,2026-02-05,5,-0.06417133746118621,-0.04364203472639738,-0.020529302734788826,37,0.027027027027027035,0.13513513513513517,0,0.825,0.17500000000000004,37,0.03,equal,True,9.0
short_aggressive_compact_capacity,w02,2026-01-29,2026-01-30,2026-02-05,5,-0.050556186118421664,-0.04364203472639738,-0.006914151392024281,31,0.03225806451612904,0.16129032258064518,0,0.9455,0.05449999999999999,31,0.03225806451612903,equal,True,3.0
short_aggressive_medium_capacity,w02,2026-01-29,2026-01-30,2026-02-05,5,-0.050556186118421664,-0.04364203472639738,-0.006914151392024281,31,0.03225806451612904,0.16129032258064518,0,0.9455,0.05449999999999999,31,0.03225806451612903,equal,True,3.0
short_aggressive_wide_capacity,w02,2026-01-29,2026-01-30,2026-02-05,5,-0.08293309451907055,-0.04364203472639738,-0.039291059792673166,30,0.036000000004219955,0.18000000002109978,0,0.5935,0.4065,30,0.036,rank,True,11.0
stable_compact_capacity,w02,2026-01-29,2026-01-30,2026-02-05,5,-0.05896722878485912,-0.04364203472639738,-0.015325194058461736,33,0.030303030303030304,0.15151515151515152,0,0.978,0.02200000000000002,33,0.030303030303030304,equal,True,7.0
stable_compact_current,w02,2026-01-29,2026-01-30,2026-02-05,5,-0.05256398745922656,-0.04364203472639738,-0.008921952732829176,31,0.03253310000000001,0.16266550000000005,0,0.5465,0.4535,31,0.031758,rank,True,6.0
stable_extra_wide_capacity,w02,2026-01-29,2026-01-30,2026-02-05,5,-0.043840463785990415,-0.04364203472639738,-0.00019842905959303186,46,0.02173913043478261,0.10869565217391305,0,0.285,0.7150000000000001,46,0.03,equal,False,2.0
stable_medium_capacity,w02,2026-01-29,2026-01-30,2026-02-05,5,-0.05142286454007008,-0.04364203472639738,-0.007780829813672695,93,0.01075268817204301,0.05376344086021505,0,0.7725,0.22750000000000004,93,0.03,equal,True,5.0
balanced_extra_wide_capacity,w03,2026-02-05,2026-02-06,2026-02-12,5,0.04799036943705021,0.03406080966036895,0.013929559776681262,64,0.015625,0.078125,0,0.725,0.275,64,0.03,equal,False,1.0
balanced_medium_current,w03,2026-02-05,2026-02-06,2026-02-12,5,0.04142061091518845,0.03406080966036895,0.007359801254819498,49,0.020408163265306124,0.10204081632653061,0,0.0,1.0,49,0.03,equal,True,4.0
economic_medium_capacity,w03,2026-02-05,2026-02-06,2026-02-12,5,0.01748552325011717,0.03406080966036895,-0.016575286410251782,30,0.036000000004219955,0.18000000002109978,0,0.998,0.0020000000000000018,30,0.036,rank,True,9.0
recent_compact_capacity,w03,2026-02-05,2026-02-06,2026-02-12,5,0.013107288871966983,0.03406080966036895,-0.02095352078840197,31,0.032972380952380954,0.16486190476190477,0,0.055,0.945,31,0.030758,rank,True,11.0
recent_compact_current,w03,2026-02-05,2026-02-06,2026-02-12,5,0.014497759838698313,0.03406080966036895,-0.01956304982167064,37,0.027027027027027035,0.13513513513513517,0,0.825,0.17500000000000004,37,0.03,equal,True,10.0
short_aggressive_compact_capacity,w03,2026-02-05,2026-02-06,2026-02-12,5,0.020873218351925522,0.03406080966036895,-0.013187591308443429,31,0.03225806451612904,0.16129032258064518,0,0.9455,0.05449999999999999,31,0.03225806451612903,equal,True,7.0
short_aggressive_medium_capacity,w03,2026-02-05,2026-02-06,2026-02-12,5,0.020873218351925522,0.03406080966036895,-0.013187591308443429,31,0.03225806451612904,0.16129032258064518,0,0.9455,0.05449999999999999,31,0.03225806451612903,equal,True,7.0
short_aggressive_wide_capacity,w03,2026-02-05,2026-02-06,2026-02-12,5,0.038590594399251874,0.03406080966036895,0.004529784738882922,30,0.036000000004219955,0.18000000002109978,0,0.5935,0.4065,30,0.036,rank,True,6.0
stable_compact_capacity,w03,2026-02-05,2026-02-06,2026-02-12,5,0.04396677264329773,0.03406080966036895,0.009905962982928777,33,0.030303030303030304,0.15151515151515152,0,0.978,0.02200000000000002,33,0.030303030303030304,equal,True,3.0
stable_compact_current,w03,2026-02-05,2026-02-06,2026-02-12,5,0.04073628311427652,0.03406080966036895,0.0066754734539075655,31,0.03253310000000001,0.16266550000000005,0,0.5465,0.4535,31,0.031758,rank,True,5.0
stable_extra_wide_capacity,w03,2026-02-05,2026-02-06,2026-02-12,5,0.012147749293180661,0.03406080966036895,-0.021913060367188292,46,0.02173913043478261,0.10869565217391305,0,0.285,0.7150000000000001,46,0.03,equal,False,12.0
stable_medium_capacity,w03,2026-02-05,2026-02-06,2026-02-12,5,0.045824396297641797,0.03406080966036895,0.011763586637272845,93,0.01075268817204301,0.05376344086021505,0,0.7725,0.22750000000000004,93,0.03,equal,True,2.0
balanced_extra_wide_capacity,w04,2026-02-12,2026-02-13,2026-02-27,5,0.04892435160139985,0.0278836645270355,0.02104068707436435,64,0.015625,0.078125,0,0.725,0.275,64,0.03,equal,False,3.0
balanced_medium_current,w04,2026-02-12,2026-02-13,2026-02-27,5,0.06411630430924256,0.0278836645270355,0.03623263978220706,49,0.020408163265306124,0.10204081632653061,0,0.0,1.0,49,0.03,equal,True,2.0
economic_medium_capacity,w04,2026-02-12,2026-02-13,2026-02-27,5,0.0350734348790307,0.0278836645270355,0.007189770351995202,30,0.036000000004219955,0.18000000002109978,0,0.998,0.0020000000000000018,30,0.036,rank,True,8.0
recent_compact_capacity,w04,2026-02-12,2026-02-13,2026-02-27,5,0.04227594983805311,0.0278836645270355,0.014392285311017612,31,0.032972380952380954,0.16486190476190477,1,0.055,0.945,31,0.030758,rank,True,4.0
recent_compact_current,w04,2026-02-12,2026-02-13,2026-02-27,5,0.024160816181855543,0.0278836645270355,-0.0037228483451799584,37,0.027027027027027035,0.13513513513513517,1,0.825,0.17500000000000004,37,0.03,equal,True,12.0
short_aggressive_compact_capacity,w04,2026-02-12,2026-02-13,2026-02-27,5,0.032419845375802836,0.0278836645270355,0.004536180848767335,31,0.03225806451612904,0.16129032258064518,0,0.9455,0.05449999999999999,31,0.03225806451612903,equal,True,9.0
short_aggressive_medium_capacity,w04,2026-02-12,2026-02-13,2026-02-27,5,0.032419845375802836,0.0278836645270355,0.004536180848767335,31,0.03225806451612904,0.16129032258064518,0,0.9455,0.05449999999999999,31,0.03225806451612903,equal,True,9.0
short_aggressive_wide_capacity,w04,2026-02-12,2026-02-13,2026-02-27,5,0.04141465498689555,0.0278836645270355,0.013530990459860046,30,0.036000000004219955,0.18000000002109978,0,0.5935,0.4065,30,0.036,rank,True,5.0
stable_compact_capacity,w04,2026-02-12,2026-02-13,2026-02-27,5,0.03693542264532378,0.0278836645270355,0.009051758118288282,33,0.030303030303030304,0.15151515151515152,0,0.978,0.02200000000000002,33,0.030303030303030304,equal,True,7.0
stable_compact_current,w04,2026-02-12,2026-02-13,2026-02-27,5,0.06777028008537613,0.0278836645270355,0.039886615558340624,31,0.03253310000000001,0.16266550000000005,0,0.5465,0.4535,31,0.031758,rank,True,1.0
stable_extra_wide_capacity,w04,2026-02-12,2026-02-13,2026-02-27,5,0.03198886714747827,0.0278836645270355,0.004105202620442769,46,0.02173913043478261,0.10869565217391305,0,0.285,0.7150000000000001,46,0.03,equal,False,11.0
stable_medium_capacity,w04,2026-02-12,2026-02-13,2026-02-27,5,0.040428937678905576,0.0278836645270355,0.012545273151870075,93,0.01075268817204301,0.05376344086021505,1,0.7725,0.22750000000000004,93,0.03,equal,True,6.0
balanced_extra_wide_capacity,w05,2026-02-27,2026-03-02,2026-03-06,5,-0.03332984201077667,-0.03443052740386576,0.001100685393089093,64,0.015625,0.078125,0,0.725,0.275,64,0.03,equal,False,2.0
balanced_medium_current,w05,2026-02-27,2026-03-02,2026-03-06,5,-0.037849592166559066,-0.03443052740386576,-0.0034190647626933038,49,0.020408163265306124,0.10204081632653061,0,0.0,1.0,49,0.03,equal,True,4.0
economic_medium_capacity,w05,2026-02-27,2026-03-02,2026-03-06,5,-0.0188953922172065,-0.03443052740386576,0.015535135186659263,30,0.036000000004219955,0.18000000002109978,0,0.998,0.0020000000000000018,30,0.036,rank,True,1.0
recent_compact_capacity,w05,2026-02-27,2026-03-02,2026-03-06,5,-0.04047932492547325,-0.03443052740386576,-0.006048797521607488,31,0.032972380952380954,0.16486190476190477,0,0.055,0.945,31,0.030758,rank,True,5.0
recent_compact_current,w05,2026-02-27,2026-03-02,2026-03-06,5,-0.045103084635438946,-0.03443052740386576,-0.010672557231573183,37,0.027027027027027035,0.13513513513513517,0,0.825,0.17500000000000004,37,0.03,equal,True,10.0
short_aggressive_compact_capacity,w05,2026-02-27,2026-03-02,2026-03-06,5,-0.04121936070183379,-0.03443052740386576,-0.006788833297968026,31,0.03225806451612904,0.16129032258064518,0,0.9455,0.05449999999999999,31,0.03225806451612903,equal,True,6.0
short_aggressive_medium_capacity,w05,2026-02-27,2026-03-02,2026-03-06,5,-0.04121936070183379,-0.03443052740386576,-0.006788833297968026,31,0.03225806451612904,0.16129032258064518,0,0.9455,0.05449999999999999,31,0.03225806451612903,equal,True,6.0
short_aggressive_wide_capacity,w05,2026-02-27,2026-03-02,2026-03-06,5,-0.04221478558554283,-0.03443052740386576,-0.0077842581816770645,30,0.036000000004219955,0.18000000002109978,0,0.5935,0.4065,30,0.036,rank,True,8.0
stable_compact_capacity,w05,2026-02-27,2026-03-02,2026-03-06,5,-0.05356291846442768,-0.03443052740386576,-0.019132391060561915,33,0.030303030303030304,0.15151515151515152,0,0.978,0.02200000000000002,33,0.030303030303030304,equal,True,12.0
stable_compact_current,w05,2026-02-27,2026-03-02,2026-03-06,5,-0.052664243584453554,-0.03443052740386576,-0.018233716180587792,31,0.03253310000000001,0.16266550000000005,0,0.5465,0.4535,31,0.031758,rank,True,11.0
stable_extra_wide_capacity,w05,2026-02-27,2026-03-02,2026-03-06,5,-0.03503314079085793,-0.03443052740386576,-0.0006026133869921693,46,0.02173913043478261,0.10869565217391305,0,0.285,0.7150000000000001,46,0.03,equal,False,3.0
stable_medium_capacity,w05,2026-02-27,2026-03-02,2026-03-06,5,-0.042530537125352756,-0.03443052740386576,-0.008100009721486993,93,0.01075268817204301,0.05376344086021505,0,0.7725,0.22750000000000004,93,0.03,equal,True,9.0
balanced_extra_wide_capacity,w06,2026-03-06,2026-03-09,2026-03-13,5,-0.014126713891283728,-0.014417723691694029,0.0002910098004103006,64,0.015625,0.078125,0,0.725,0.275,64,0.03,equal,False,4.0
balanced_medium_current,w06,2026-03-06,2026-03-09,2026-03-13,5,-0.012878805048024806,-0.014417723691694029,0.0015389186436692223,49,0.020408163265306124,0.10204081632653061,0,0.0,1.0,49,0.03,equal,True,3.0
economic_medium_capacity,w06,2026-03-06,2026-03-09,2026-03-13,5,-0.004823129407201633,-0.014417723691694029,0.009594594284492396,30,0.036000000004219955,0.18000000002109978,0,0.998,0.0020000000000000018,30,0.036,rank,True,1.0
recent_compact_capacity,w06,2026-03-06,2026-03-09,2026-03-13,5,-0.01726076382543844,-0.014417723691694029,-0.002843040133744413,31,0.032972380952380954,0.16486190476190477,0,0.055,0.945,31,0.030758,rank,True,5.0
recent_compact_current,w06,2026-03-06,2026-03-09,2026-03-13,5,-0.01923945803273055,-0.014417723691694029,-0.00482173434103652,37,0.027027027027027035,0.13513513513513517,0,0.825,0.17500000000000004,37,0.03,equal,True,8.0
short_aggressive_compact_capacity,w06,2026-03-06,2026-03-09,2026-03-13,5,-0.029276608768076983,-0.014417723691694029,-0.014858885076382954,31,0.03225806451612904,0.16129032258064518,0,0.9455,0.05449999999999999,31,0.03225806451612903,equal,True,10.0
short_aggressive_medium_capacity,w06,2026-03-06,2026-03-09,2026-03-13,5,-0.029276608768076983,-0.014417723691694029,-0.014858885076382954,31,0.03225806451612904,0.16129032258064518,0,0.9455,0.05449999999999999,31,0.03225806451612903,equal,True,10.0
short_aggressive_wide_capacity,w06,2026-03-06,2026-03-09,2026-03-13,5,-0.00888910046967087,-0.014417723691694029,0.005528623222023158,30,0.036000000004219955,0.18000000002109978,0,0.5935,0.4065,30,0.036,rank,True,2.0
stable_compact_capacity,w06,2026-03-06,2026-03-09,2026-03-13,5,-0.0192340943867293,-0.014417723691694029,-0.004816370695035273,33,0.030303030303030304,0.15151515151515152,0,0.978,0.02200000000000002,33,0.030303030303030304,equal,True,7.0
stable_compact_current,w06,2026-03-06,2026-03-09,2026-03-13,5,-0.03069436092069299,-0.014417723691694029,-0.016276637228998962,31,0.03253310000000001,0.16266550000000005,0,0.5465,0.4535,31,0.031758,rank,True,12.0
stable_extra_wide_capacity,w06,2026-03-06,2026-03-09,2026-03-13,5,-0.018452265544546567,-0.014417723691694029,-0.004034541852852538,46,0.02173913043478261,0.10869565217391305,0,0.285,0.7150000000000001,46,0.03,equal,False,6.0
stable_medium_capacity,w06,2026-03-06,2026-03-09,2026-03-13,5,-0.024316078302929055,-0.014417723691694029,-0.009898354611235026,93,0.01075268817204301,0.05376344086021505,0,0.7725,0.22750000000000004,93,0.03,equal,True,9.0
balanced_extra_wide_capacity,w07,2026-03-13,2026-03-16,2026-03-20,5,-0.07041243774283369,-0.058224849686849156,-0.012187588055984536,64,0.015625,0.078125,0,0.725,0.275,64,0.03,equal,False,6.0
balanced_medium_current,w07,2026-03-13,2026-03-16,2026-03-20,5,-0.07141481735381697,-0.058224849686849156,-0.013189967666967811,49,0.020408163265306124,0.10204081632653061,0,0.0,1.0,49,0.03,equal,True,7.0
economic_medium_capacity,w07,2026-03-13,2026-03-16,2026-03-20,5,-0.09060124590408593,-0.058224849686849156,-0.03237639621723677,30,0.036000000004219955,0.18000000002109978,0,0.998,0.0020000000000000018,30,0.036,rank,True,11.0
recent_compact_capacity,w07,2026-03-13,2026-03-16,2026-03-20,5,-0.06773549272679458,-0.058224849686849156,-0.009510643039945421,31,0.032972380952380954,0.16486190476190477,0,0.055,0.945,31,0.030758,rank,True,5.0
recent_compact_current,w07,2026-03-13,2026-03-16,2026-03-20,5,-0.08962444528288047,-0.058224849686849156,-0.03139959559603131,37,0.027027027027027035,0.13513513513513517,0,0.825,0.17500000000000004,37,0.03,equal,True,10.0
short_aggressive_compact_capacity,w07,2026-03-13,2026-03-16,2026-03-20,5,-0.0608489622888674,-0.058224849686849156,-0.0026241126020182456,31,0.03225806451612904,0.16129032258064518,0,0.9455,0.05449999999999999,31,0.03225806451612903,equal,True,2.0
short_aggressive_medium_capacity,w07,2026-03-13,2026-03-16,2026-03-20,5,-0.0608489622888674,-0.058224849686849156,-0.0026241126020182456,31,0.03225806451612904,0.16129032258064518,0,0.9455,0.05449999999999999,31,0.03225806451612903,equal,True,2.0
short_aggressive_wide_capacity,w07,2026-03-13,2026-03-16,2026-03-20,5,-0.10547484280516503,-0.058224849686849156,-0.047249993118315875,30,0.036000000004219955,0.18000000002109978,0,0.5935,0.4065,30,0.036,rank,True,12.0
stable_compact_capacity,w07,2026-03-13,2026-03-16,2026-03-20,5,-0.08280344788625701,-0.058224849686849156,-0.02457859819940786,33,0.030303030303030304,0.15151515151515152,0,0.978,0.02200000000000002,33,0.030303030303030304,equal,True,8.0
stable_compact_current,w07,2026-03-13,2026-03-16,2026-03-20,5,-0.08731807212621241,-0.058224849686849156,-0.029093222439363256,31,0.03253310000000001,0.16266550000000005,0,0.5465,0.4535,31,0.031758,rank,True,9.0
stable_extra_wide_capacity,w07,2026-03-13,2026-03-16,2026-03-20,5,-0.05881680074587849,-0.058224849686849156,-0.0005919510590293373,46,0.02173913043478261,0.10869565217391305,0,0.285,0.7150000000000001,46,0.03,equal,False,1.0
stable_medium_capacity,w07,2026-03-13,2026-03-16,2026-03-20,5,-0.0653890356853067,-0.058224849686849156,-0.007164185998457542,93,0.01075268817204301,0.05376344086021505,0,0.7725,0.22750000000000004,93,0.03,equal,True,4.0
balanced_extra_wide_capacity,w08,2026-03-20,2026-03-23,2026-03-27,5,-0.010905188519304389,-0.002889548078185755,-0.008015640441118634,64,0.015625,0.078125,0,0.725,0.275,64,0.03,equal,False,9.0
balanced_medium_current,w08,2026-03-20,2026-03-23,2026-03-27,5,-0.00035202946688602974,-0.002889548078185755,0.0025375186112997256,49,0.020408163265306124,0.10204081632653061,0,0.0,1.0,49,0.03,equal,True,5.0
economic_medium_capacity,w08,2026-03-20,2026-03-23,2026-03-27,5,-0.010290176105533663,-0.002889548078185755,-0.007400628027347908,30,0.036000000004219955,0.18000000002109978,0,0.998,0.0020000000000000018,30,0.036,rank,True,8.0
recent_compact_capacity,w08,2026-03-20,2026-03-23,2026-03-27,5,-0.0003172587581834194,-0.002889548078185755,0.0025722893200023356,31,0.032972380952380954,0.16486190476190477,0,0.055,0.945,31,0.030758,rank,True,4.0
recent_compact_current,w08,2026-03-20,2026-03-23,2026-03-27,5,0.004627912050662746,-0.002889548078185755,0.007517460128848501,37,0.027027027027027035,0.13513513513513517,0,0.825,0.17500000000000004,37,0.03,equal,True,3.0
short_aggressive_compact_capacity,w08,2026-03-20,2026-03-23,2026-03-27,5,0.014640510546947698,-0.002889548078185755,0.017530058625133453,31,0.03225806451612904,0.16129032258064518,0,0.9455,0.05449999999999999,31,0.03225806451612903,equal,True,1.0
short_aggressive_medium_capacity,w08,2026-03-20,2026-03-23,2026-03-27,5,0.014640510546947698,-0.002889548078185755,0.017530058625133453,31,0.03225806451612904,0.16129032258064518,0,0.9455,0.05449999999999999,31,0.03225806451612903,equal,True,1.0
short_aggressive_wide_capacity,w08,2026-03-20,2026-03-23,2026-03-27,5,-0.00999996579765176,-0.002889548078185755,-0.007110417719466005,30,0.036000000004219955,0.18000000002109978,0,0.5935,0.4065,30,0.036,rank,True,7.0
stable_compact_capacity,w08,2026-03-20,2026-03-23,2026-03-27,5,-0.0121143749202019,-0.002889548078185755,-0.009224826842016145,33,0.030303030303030304,0.15151515151515152,0,0.978,0.02200000000000002,33,0.030303030303030304,equal,True,11.0
stable_compact_current,w08,2026-03-20,2026-03-23,2026-03-27,5,-0.014640225990223438,-0.002889548078185755,-0.011750677912037683,31,0.03253310000000001,0.16266550000000005,0,0.5465,0.4535,31,0.031758,rank,True,12.0
stable_extra_wide_capacity,w08,2026-03-20,2026-03-23,2026-03-27,5,-0.011185080993748684,-0.002889548078185755,-0.008295532915562929,46,0.02173913043478261,0.10869565217391305,0,0.285,0.7150000000000001,46,0.03,equal,False,10.0
stable_medium_capacity,w08,2026-03-20,2026-03-23,2026-03-27,5,-0.00612121968503772,-0.002889548078185755,-0.0032316716068519647,93,0.01075268817204301,0.05376344086021505,0,0.7725,0.22750000000000004,93,0.03,equal,True,6.0
balanced_extra_wide_capacity,w09,2026-03-27,2026-03-30,2026-04-03,5,-0.025962980358504778,-0.02619360438502094,0.00023062402651616298,64,0.015625,0.078125,0,0.725,0.275,64,0.03,equal,False,2.0
balanced_medium_current,w09,2026-03-27,2026-03-30,2026-04-03,5,-0.04858108293178537,-0.02619360438502094,-0.022387478546764428,49,0.020408163265306124,0.10204081632653061,0,0.0,1.0,49,0.03,equal,True,10.0
economic_medium_capacity,w09,2026-03-27,2026-03-30,2026-04-03,5,-0.03430304100711211,-0.02619360438502094,-0.008109436622091168,30,0.036000000004219955,0.18000000002109978,0,0.998,0.0020000000000000018,30,0.036,rank,True,7.0
recent_compact_capacity,w09,2026-03-27,2026-03-30,2026-04-03,5,-0.029881875853126082,-0.02619360438502094,-0.0036882714681051414,31,0.032972380952380954,0.16486190476190477,0,0.055,0.945,31,0.030758,rank,True,6.0
recent_compact_current,w09,2026-03-27,2026-03-30,2026-04-03,5,-0.027854713306986894,-0.02619360438502094,-0.001661108921965953,37,0.027027027027027035,0.13513513513513517,0,0.825,0.17500000000000004,37,0.03,equal,True,5.0
short_aggressive_compact_capacity,w09,2026-03-27,2026-03-30,2026-04-03,5,-0.05208296822646186,-0.02619360438502094,-0.025889363841440916,31,0.03225806451612904,0.16129032258064518,0,0.9455,0.05449999999999999,31,0.03225806451612903,equal,True,11.0
short_aggressive_medium_capacity,w09,2026-03-27,2026-03-30,2026-04-03,5,-0.05208296822646186,-0.02619360438502094,-0.025889363841440916,31,0.03225806451612904,0.16129032258064518,0,0.9455,0.05449999999999999,31,0.03225806451612903,equal,True,11.0
short_aggressive_wide_capacity,w09,2026-03-27,2026-03-30,2026-04-03,5,-0.03828999118005531,-0.02619360438502094,-0.012096386795034372,30,0.036000000004219955,0.18000000002109978,0,0.5935,0.4065,30,0.036,rank,True,9.0
stable_compact_capacity,w09,2026-03-27,2026-03-30,2026-04-03,5,-0.026726854706249407,-0.02619360438502094,-0.0005332503212284664,33,0.030303030303030304,0.15151515151515152,0,0.978,0.02200000000000002,33,0.030303030303030304,equal,True,3.0
stable_compact_current,w09,2026-03-27,2026-03-30,2026-04-03,5,-0.03448536494679498,-0.02619360438502094,-0.00829176056177404,31,0.03253310000000001,0.16266550000000005,0,0.5465,0.4535,31,0.031758,rank,True,8.0
stable_extra_wide_capacity,w09,2026-03-27,2026-03-30,2026-04-03,5,-0.027056110585870537,-0.02619360438502094,-0.0008625062008495964,46,0.02173913043478261,0.10869565217391305,0,0.285,0.7150000000000001,46,0.03,equal,False,4.0
stable_medium_capacity,w09,2026-03-27,2026-03-30,2026-04-03,5,-0.016109235536819012,-0.02619360438502094,0.010084368848201929,93,0.01075268817204301,0.05376344086021505,0,0.7725,0.22750000000000004,93,0.03,equal,True,1.0
balanced_extra_wide_capacity,w10,2026-04-03,2026-04-07,2026-04-13,5,0.06732922129983095,0.05743365107980991,0.009895570220021035,64,0.015625,0.078125,0,0.725,0.275,64,0.03,equal,False,8.0
balanced_medium_current,w10,2026-04-03,2026-04-07,2026-04-13,5,0.05106915086694637,0.05743365107980991,-0.006364500212863541,49,0.020408163265306124,0.10204081632653061,0,0.0,1.0,49,0.03,equal,True,12.0
economic_medium_capacity,w10,2026-04-03,2026-04-07,2026-04-13,5,0.07773424115889978,0.05743365107980991,0.020300590079089867,30,0.036000000004219955,0.18000000002109978,0,0.998,0.0020000000000000018,30,0.036,rank,True,5.0
recent_compact_capacity,w10,2026-04-03,2026-04-07,2026-04-13,5,0.0705653067478715,0.05743365107980991,0.013131655668061584,31,0.032972380952380954,0.16486190476190477,0,0.055,0.945,31,0.030758,rank,True,6.0
recent_compact_current,w10,2026-04-03,2026-04-07,2026-04-13,5,0.056243310298253545,0.05743365107980991,-0.0011903407815563663,37,0.027027027027027035,0.13513513513513517,0,0.825,0.17500000000000004,37,0.03,equal,True,9.0
short_aggressive_compact_capacity,w10,2026-04-03,2026-04-07,2026-04-13,5,0.051897984758293846,0.05743365107980991,-0.005535666321516065,31,0.03225806451612904,0.16129032258064518,0,0.9455,0.05449999999999999,31,0.03225806451612903,equal,True,10.0
short_aggressive_medium_capacity,w10,2026-04-03,2026-04-07,2026-04-13,5,0.051897984758293846,0.05743365107980991,-0.005535666321516065,31,0.03225806451612904,0.16129032258064518,0,0.9455,0.05449999999999999,31,0.03225806451612903,equal,True,10.0
short_aggressive_wide_capacity,w10,2026-04-03,2026-04-07,2026-04-13,5,0.09758227176033263,0.05743365107980991,0.04014862068052272,30,0.036000000004219955,0.18000000002109978,0,0.5935,0.4065,30,0.036,rank,True,3.0
stable_compact_capacity,w10,2026-04-03,2026-04-07,2026-04-13,5,0.09607211420977654,0.05743365107980991,0.03863846312996663,33,0.030303030303030304,0.15151515151515152,0,0.978,0.02200000000000002,33,0.030303030303030304,equal,True,4.0
stable_compact_current,w10,2026-04-03,2026-04-07,2026-04-13,5,0.11248925073692839,0.05743365107980991,0.05505559965711848,31,0.03253310000000001,0.16266550000000005,0,0.5465,0.4535,31,0.031758,rank,True,1.0
stable_extra_wide_capacity,w10,2026-04-03,2026-04-07,2026-04-13,5,0.09861836181889715,0.05743365107980991,0.041184710739087235,46,0.02173913043478261,0.10869565217391305,0,0.285,0.7150000000000001,46,0.03,equal,False,2.0
stable_medium_capacity,w10,2026-04-03,2026-04-07,2026-04-13,5,0.06926628997299736,0.05743365107980991,0.011832638893187447,93,0.01075268817204301,0.05376344086021505,0,0.7725,0.22750000000000004,93,0.03,equal,True,7.0
balanced_extra_wide_capacity,w11,2026-04-13,2026-04-14,2026-04-20,5,0.0619890046235934,0.040453973086576944,0.021535031537016455,64,0.015625,0.078125,0,0.725,0.275,64,0.03,equal,False,10.0
balanced_medium_current,w11,2026-04-13,2026-04-14,2026-04-20,5,0.06993899847198017,0.040453973086576944,0.02948502538540322,49,0.020408163265306124,0.10204081632653061,0,0.0,1.0,49,0.03,equal,True,5.0
economic_medium_capacity,w11,2026-04-13,2026-04-14,2026-04-20,5,0.09451552859994816,0.040453973086576944,0.05406155551337122,30,0.036000000004219955,0.18000000002109978,0,0.998,0.0020000000000000018,30,0.036,rank,True,2.0
recent_compact_capacity,w11,2026-04-13,2026-04-14,2026-04-20,5,0.08724195446827109,0.040453973086576944,0.04678798138169414,31,0.032972380952380954,0.16486190476190477,0,0.055,0.945,31,0.030758,rank,True,3.0
recent_compact_current,w11,2026-04-13,2026-04-14,2026-04-20,5,0.05335209822936566,0.040453973086576944,0.012898125142788715,37,0.027027027027027035,0.13513513513513517,0,0.825,0.17500000000000004,37,0.03,equal,True,12.0
short_aggressive_compact_capacity,w11,2026-04-13,2026-04-14,2026-04-20,5,0.06249391005945319,0.040453973086576944,0.022039936972876248,31,0.03225806451612904,0.16129032258064518,0,0.9455,0.05449999999999999,31,0.03225806451612903,equal,True,8.0
short_aggressive_medium_capacity,w11,2026-04-13,2026-04-14,2026-04-20,5,0.06249391005945319,0.040453973086576944,0.022039936972876248,31,0.03225806451612904,0.16129032258064518,0,0.9455,0.05449999999999999,31,0.03225806451612903,equal,True,8.0
short_aggressive_wide_capacity,w11,2026-04-13,2026-04-14,2026-04-20,5,0.06284386931219749,0.040453973086576944,0.022389896225620542,30,0.036000000004219955,0.18000000002109978,0,0.5935,0.4065,30,0.036,rank,True,7.0
stable_compact_capacity,w11,2026-04-13,2026-04-14,2026-04-20,5,0.1017308114611334,0.040453973086576944,0.061276838374556455,33,0.030303030303030304,0.15151515151515152,0,0.978,0.02200000000000002,33,0.030303030303030304,equal,True,1.0
stable_compact_current,w11,2026-04-13,2026-04-14,2026-04-20,5,0.06004453069743533,0.040453973086576944,0.019590557610858386,31,0.03253310000000001,0.16266550000000005,0,0.5465,0.4535,31,0.031758,rank,True,11.0
stable_extra_wide_capacity,w11,2026-04-13,2026-04-14,2026-04-20,5,0.08160590288283733,0.040453973086576944,0.04115192979626038,46,0.02173913043478261,0.10869565217391305,0,0.285,0.7150000000000001,46,0.03,equal,False,4.0
stable_medium_capacity,w11,2026-04-13,2026-04-14,2026-04-20,5,0.06895841671049778,0.040453973086576944,0.028504443623920836,93,0.01075268817204301,0.05376344086021505,0,0.7725,0.22750000000000004,93,0.03,equal,True,6.0
balanced_extra_wide_capacity,w12,2026-04-20,2026-04-21,2026-04-27,5,0.004829336010067482,0.001088899402196919,0.0037404366078705627,64,0.015625,0.078125,0,0.725,0.275,64,0.03,equal,False,7.0
balanced_medium_current,w12,2026-04-20,2026-04-21,2026-04-27,5,0.00033145906516405914,0.001088899402196919,-0.0007574403370328598,49,0.020408163265306124,0.10204081632653061,0,0.0,1.0,49,0.03,equal,True,8.0
economic_medium_capacity,w12,2026-04-20,2026-04-21,2026-04-27,5,0.014888940204490652,0.001088899402196919,0.013800040802293733,30,0.036000000004219955,0.18000000002109978,0,0.998,0.0020000000000000018,30,0.036,rank,True,4.0
recent_compact_capacity,w12,2026-04-20,2026-04-21,2026-04-27,5,0.021206574095369475,0.001088899402196919,0.020117674693172556,31,0.032972380952380954,0.16486190476190477,0,0.055,0.945,31,0.030758,rank,True,2.0
recent_compact_current,w12,2026-04-20,2026-04-21,2026-04-27,5,0.011897608293625388,0.001088899402196919,0.01080870889142847,37,0.027027027027027035,0.13513513513513517,0,0.825,0.17500000000000004,37,0.03,equal,True,5.0
short_aggressive_compact_capacity,w12,2026-04-20,2026-04-21,2026-04-27,5,-0.006998591018691536,0.001088899402196919,-0.008087490420888455,31,0.03225806451612904,0.16129032258064518,0,0.9455,0.05449999999999999,31,0.03225806451612903,equal,True,11.0
short_aggressive_medium_capacity,w12,2026-04-20,2026-04-21,2026-04-27,5,-0.006998591018691536,0.001088899402196919,-0.008087490420888455,31,0.03225806451612904,0.16129032258064518,0,0.9455,0.05449999999999999,31,0.03225806451612903,equal,True,11.0
short_aggressive_wide_capacity,w12,2026-04-20,2026-04-21,2026-04-27,5,-0.0022449109789802846,0.001088899402196919,-0.0033338103811772035,30,0.036000000004219955,0.18000000002109978,0,0.5935,0.4065,30,0.036,rank,True,10.0
stable_compact_capacity,w12,2026-04-20,2026-04-21,2026-04-27,5,0.02349174221949608,0.001088899402196919,0.02240284281729916,33,0.030303030303030304,0.15151515151515152,0,0.978,0.02200000000000002,33,0.030303030303030304,equal,True,1.0
stable_compact_current,w12,2026-04-20,2026-04-21,2026-04-27,5,0.005537298285981956,0.001088899402196919,0.0044483988837850374,31,0.03253310000000001,0.16266550000000005,0,0.5465,0.4535,31,0.031758,rank,True,6.0
stable_extra_wide_capacity,w12,2026-04-20,2026-04-21,2026-04-27,5,0.016728765573717164,0.001088899402196919,0.015639866171520245,46,0.02173913043478261,0.10869565217391305,0,0.285,0.7150000000000001,46,0.03,equal,False,3.0
stable_medium_capacity,w12,2026-04-20,2026-04-21,2026-04-27,5,-0.0009182967764435903,0.001088899402196919,-0.0020071961786405092,93,0.01075268817204301,0.05376344086021505,0,0.7725,0.22750000000000004,93,0.03,equal,True,9.0
balanced_extra_wide_capacity,w13,2026-04-27,2026-04-28,2026-05-07,5,0.08541554536915028,0.04792717816222081,0.03748836720692947,64,0.015625,0.078125,0,0.725,0.275,64,0.03,equal,False,8.0
balanced_medium_current,w13,2026-04-27,2026-04-28,2026-05-07,5,0.09416631962116331,0.04792717816222081,0.046239141458942506,49,0.020408163265306124,0.10204081632653061,0,0.0,1.0,49,0.03,equal,True,2.0
economic_medium_capacity,w13,2026-04-27,2026-04-28,2026-05-07,5,0.08692281085209368,0.04792717816222081,0.03899563268987287,30,0.036000000004219955,0.18000000002109978,0,0.998,0.0020000000000000018,30,0.036,rank,True,4.0
recent_compact_capacity,w13,2026-04-27,2026-04-28,2026-05-07,5,0.06400765451387759,0.04792717816222081,0.016080476351656783,31,0.032972380952380954,0.16486190476190477,0,0.055,0.945,31,0.030758,rank,True,12.0
recent_compact_current,w13,2026-04-27,2026-04-28,2026-05-07,5,0.07423419296880915,0.04792717816222081,0.02630701480658834,37,0.027027027027027035,0.13513513513513517,0,0.825,0.17500000000000004,37,0.03,equal,True,11.0
short_aggressive_compact_capacity,w13,2026-04-27,2026-04-28,2026-05-07,5,0.086453144945476,0.04792717816222081,0.03852596678325519,31,0.03225806451612904,0.16129032258064518,0,0.9455,0.05449999999999999,31,0.03225806451612903,equal,True,5.0
short_aggressive_medium_capacity,w13,2026-04-27,2026-04-28,2026-05-07,5,0.086453144945476,0.04792717816222081,0.03852596678325519,31,0.03225806451612904,0.16129032258064518,0,0.9455,0.05449999999999999,31,0.03225806451612903,equal,True,5.0
short_aggressive_wide_capacity,w13,2026-04-27,2026-04-28,2026-05-07,5,0.09248614203596302,0.04792717816222081,0.04455896387374221,30,0.036000000004219955,0.18000000002109978,0,0.5935,0.4065,30,0.036,rank,True,3.0
stable_compact_capacity,w13,2026-04-27,2026-04-28,2026-05-07,5,0.08127003149175135,0.04792717816222081,0.03334285332953055,33,0.030303030303030304,0.15151515151515152,0,0.978,0.02200000000000002,33,0.030303030303030304,equal,True,9.0
stable_compact_current,w13,2026-04-27,2026-04-28,2026-05-07,5,0.08602880913830362,0.04792717816222081,0.03810163097608281,31,0.03253310000000001,0.16266550000000005,0,0.5465,0.4535,31,0.031758,rank,True,7.0
stable_extra_wide_capacity,w13,2026-04-27,2026-04-28,2026-05-07,5,0.10092559675378328,0.04792717816222081,0.05299841859156247,46,0.02173913043478261,0.10869565217391305,0,0.285,0.7150000000000001,46,0.03,equal,False,1.0
stable_medium_capacity,w13,2026-04-27,2026-04-28,2026-05-07,5,0.07725138191443999,0.04792717816222081,0.029324203752219183,93,0.01075268817204301,0.05376344086021505,0,0.7725,0.22750000000000004,93,0.03,equal,True,10.0
