feature,mean_ic,abs_mean_ic,ic_positive_rate,top_decile_excess,top_minus_bottom,hit_rate,worst_window,missing_rate,direction,valid_dates,rank_ic_stability_raw,recent_rank_ic_raw,recent_top_decile_excess_raw,single_factor_score,profile,group,is_candidate,group_score,combined_score
ret_5d_rank,-0.02859000623170871,0.02859000623170871,0.5333333333333333,0.0005691619482902893,0.0009724639499867697,0.48333333333333334,-0.041008351606675694,0.002154308617234469,-1,120,0.015248003323577978,0.015248003323577978,0.0005691619482902893,0.5440153383690457,general,short_returns,True,1.0,0.6580115037767843
ret_5d,-0.02859000623170871,0.02859000623170871,0.5333333333333333,0.0005691619482902893,0.0009724639499867697,0.48333333333333334,-0.041008351606675694,0.002154308617234469,-1,120,0.015248003323577978,0.015248003323577978,0.0005691619482902893,0.5440153383690457,general,short_returns,True,1.0,0.6580115037767843
ret_5d_zscore,-0.02859000623170871,0.02859000623170871,0.5333333333333333,0.0005691619482902893,0.0009724639499867697,0.48333333333333334,-0.041008351606675694,0.002154308617234469,-1,120,0.015248003323577978,0.015248003323577978,0.0005691619482902893,0.5440153383690457,general,short_returns,True,1.0,0.6580115037767843
ret_3d_zscore,-0.022026107239400176,0.022026107239400176,0.525,0.0004385365067704691,0.0007596868758932596,0.5,-0.03750609597631512,0.001920507682030728,-1,120,0.011563706300685093,0.011563706300685093,0.0004385365067704691,0.5354489748728226,general,short_returns,True,1.0,0.651586731154617
ret_3d,-0.022026107239400176,0.022026107239400176,0.525,0.0004385365067704691,0.0007596868758932596,0.5,-0.03750609597631512,0.001920507682030728,-1,120,0.011563706300685093,0.011563706300685093,0.0004385365067704691,0.5354489748728226,general,short_returns,True,1.0,0.651586731154617
ret_3d_rank,-0.022026107239400176,0.022026107239400176,0.525,0.0004385365067704691,0.0007596868758932596,0.5,-0.03750609597631512,0.001920507682030728,-1,120,0.011563706300685093,0.011563706300685093,0.0004385365067704691,0.5354489748728226,general,short_returns,True,1.0,0.651586731154617
ret_1d,-0.013990850874528948,0.013990850874528948,0.49166666666666664,0.0011989930799862242,0.001484588221346544,0.525,-0.03885600408760024,0.0016199064796259186,-1,120,0.0068788350133100655,0.0068788350133100655,0.0011989930799862242,0.5223380093520374,general,short_returns,True,1.0,0.6417535070140281
industry_ret_60d,-0.055068882092200996,0.055068882092200996,0.55,0.0007576642677104273,0.0034766754248888986,0.45,-0.05364405045050386,0.0001503006012024048,-1,120,0.030287885150710552,0.030287885150710552,0.0007576642677104273,0.5743439442988542,general,industry_relative,True,0.8181818181818182,0.6353034127695952
vol_10d,-0.03843615928937439,0.03843615928937439,0.5666666666666667,-0.0025111964954839684,-0.0017496300331915362,0.44166666666666665,-0.05568852219252403,0.0031062124248496994,-1,120,0.02178049026397882,0.02178049026397882,-0.0025111964954839684,0.5127663018344382,general,short_returns,True,1.0,0.6345747263758286
vol_5d,-0.037606526893223455,0.037606526893223455,0.5666666666666667,-0.0026283617277849036,-0.0036130320913804665,0.475,-0.056627879885232935,0.0022879091516366063,-1,120,0.02131036523949329,0.02131036523949329,-0.0026283617277849036,0.5111814654950926,general,short_returns,True,1.0,0.6333860991213194
industry_ret_20d,-0.03333408481254531,0.03333408481254531,0.5583333333333333,0.0021482964968179406,0.006304048662930733,0.575,-0.050671953605822176,0.00028390113560454244,-1,120,0.018611530687004465,0.018611530687004465,0.0021482964968179406,0.569586994501824,general,industry_relative,True,0.8181818181818182,0.6317357004218226
rsi_6,-0.022426610615336084,0.022426610615336084,0.575,-0.000538893294210703,-0.0013144702935185266,0.5166666666666667,-0.06068092040672808,0.013794255177020709,-1,120,0.012895301103818247,0.012895301103818247,-0.000538893294210703,0.494774420636144,general,short_returns,True,1.0,0.621080815477108
ret_2d,-0.01514246896895822,0.01514246896895822,0.525,6.97652895021033e-05,-0.0001274935968137901,0.525,-0.05425646738530562,0.0017869071476285905,-1,120,0.007949796208703066,0.007949796208703066,6.97652895021033e-05,0.4906546426185705,general,short_returns,True,1.0,0.6179909819639279
boll_position_60d,-0.03211160287395745,0.03211160287395745,0.5416666666666666,-0.00196219498870866,-0.0035681027986648765,0.4666666666666667,-0.04952553922348726,0.008700734802939212,-1,120,0.017393784890060285,0.017393784890060285,-0.00196219498870866,0.5173991572889369,general,bollinger,True,0.9090909090909091,0.6153220952394299
boll_z_60d,-0.03211160287395745,0.03211160287395745,0.5416666666666666,-0.00196219498870866,-0.0035681027986648765,0.4666666666666667,-0.04952553922348726,0.008700734802939212,-1,120,0.017393784890060285,0.017393784890060285,-0.00196219498870866,0.5173991572889369,general,bollinger,True,0.9090909090909091,0.6153220952394299
boll_width_60d,-0.031496911198809326,0.031496911198809326,0.5583333333333333,-0.0010926865823587461,-0.0012067446744970865,0.5166666666666667,-0.061965804608510804,0.008700734802939212,-1,120,0.017585775419335207,0.017585775419335207,-0.0010926865823587461,0.5172068495966292,general,bollinger,True,0.9090909090909091,0.6151778644701992
excess_ret_20d_industry_rank,-0.022781831192948507,0.022781831192948507,0.6416666666666667,7.613925218099398e-05,,0.5583333333333333,-0.034542142012679175,0.0026720106880427524,-1,120,0.01461834168214196,0.01461834168214196,7.613925218099398e-05,0.5462071579055547,general,industry_relative,True,0.8181818181818182,0.6142008229746206
ret_20d_industry_rank,-0.022781831192948507,0.022781831192948507,0.6416666666666667,7.613925218099398e-05,,0.5583333333333333,-0.034542142012679175,0.0026720106880427524,-1,120,0.01461834168214196,0.01461834168214196,7.613925218099398e-05,0.5462071579055547,general,industry_relative,True,0.8181818181818182,0.6142008229746206
ret_10d,-0.05074267072975761,0.05074267072975761,0.625,0.0017660663198575052,0.0024011381796747206,0.575,-0.03690897110670027,0.0026720106880427524,-1,120,0.03171416920609851,0.03171416920609851,0.0017660663198575052,0.6147327989311957,general,baseline_technical,True,0.5909090909090909,0.6087768719256695
stock_ret_minus_industry_ret_20d,-0.021184829550747318,0.021184829550747318,0.5833333333333334,-0.0013751346490470397,-0.0019956230372549146,0.4083333333333333,-0.028242913091414624,0.0026720106880427524,-1,120,0.012357817237935937,0.012357817237935937,-0.0013751346490470397,0.5338353630337598,general,industry_relative,True,0.8181818181818182,0.6049219768207744
stock_ret_minus_industry_ret_60d,-0.023571622793488286,0.023571622793488286,0.5833333333333334,-0.002341673426288827,-0.002450166594924602,0.36666666666666664,-0.02254999374676684,0.002588510354041416,-1,120,0.0137501132962015,0.0137501132962015,-0.002341673426288827,0.530894995118442,general,industry_relative,True,0.8181818181818182,0.6027167008842861
ret_60d,-0.06093252458094224,0.06093252458094224,0.575,0.0019304073567226062,0.002702150854320405,0.5416666666666666,-0.044176091700906764,0.002588510354041416,-1,120,0.03503620163404179,0.03503620163404179,0.0019304073567226062,0.6012155079389548,general,baseline_technical,True,0.5909090909090909,0.5986389036814889
excess_ret_60d,-0.06093252458094224,0.06093252458094224,0.575,0.0019304073567226062,0.002702150854320405,0.5416666666666666,-0.044176091700906764,0.002588510354041416,-1,120,0.03503620163404179,0.03503620163404179,0.0019304073567226062,0.6012155079389548,general,csi500_relative,True,0.5909090909090909,0.5986389036814889
stock_ret_minus_industry_ret_5d,-0.01755562275052652,0.01755562275052652,0.5583333333333333,-0.00011770400017466861,-0.002069791739382097,0.5,-0.03318477994038122,0.002154308617234469,-1,120,0.009801889369043974,0.009801889369043974,-0.00011770400017466861,0.5249127742664816,general,industry_relative,True,0.8181818181818182,0.5982300352453158
close_over_ma20,-0.04950951647611386,0.04950951647611386,0.6166666666666667,0.0021213205552133665,0.002881826399269844,0.575,-0.043528003238837994,0.004241816967267869,-1,120,0.03053086849360355,0.03053086849360355,0.0021213205552133665,0.6002168439442989,general,baseline_technical,True,0.5909090909090909,0.5978899056854968
close_over_ma60,-0.0610384254786517,0.0610384254786517,0.6,0.0011051760628736302,0.0021375231668783762,0.48333333333333334,-0.04062696709676945,0.008700734802939212,-1,120,0.03662305528719102,0.03662305528719102,0.0011051760628736302,0.5974632598530395,general,baseline_technical,True,0.5909090909090909,0.5958247176170524
turnover_ma_20d,-0.045759629416616016,0.045759629416616016,0.6333333333333333,0.0023276070795400085,-0.001393920389186268,0.575,-0.05367930479708104,0.004241816967267869,-1,120,0.028981098630523474,0.028981098630523474,0.0023276070795400085,0.5914988952263501,general,liquidity_risk,True,0.5909090909090909,0.5913514441470353
residual_ret_20d,-0.03601239438424552,0.03601239438424552,0.6083333333333333,0.002722716150827947,0.0025017701592784385,0.625,-0.04499146398020329,0.010521042084168337,-1,120,0.02190753991708269,0.02190753991708269,0.002722716150827947,0.5848453316890191,general,csi500_relative,True,0.5909090909090909,0.586361271494037
industry_ret_5d,-0.02227675727502417,0.02227675727502417,0.5416666666666666,-0.00020652941150512902,0.004868513509361348,0.525,-0.04943410428785207,0.00023380093520374083,-1,120,0.01206657685730476,0.01206657685730476,-0.00020652941150512902,0.5079253378551977,general,industry_relative,True,0.8181818181818182,0.5854894579368528
excess_ret_20d_rank,-0.04394854771222345,0.04394854771222345,0.5416666666666666,0.002242408110635327,0.0021836212876706275,0.575,-0.04846135630735692,0.0026720106880427524,-1,120,0.023805463344121036,0.023805463344121036,0.002242408110635327,0.5824251066235034,general,csi500_relative,True,0.5909090909090909,0.5845461026949003
excess_ret_20d,-0.04394854771222345,0.04394854771222345,0.5416666666666666,0.002242408110635327,0.0021836212876706275,0.575,-0.04846135630735692,0.0026720106880427524,-1,120,0.023805463344121036,0.023805463344121036,0.002242408110635327,0.5824251066235034,general,csi500_relative,True,0.5909090909090909,0.5845461026949003
ret_20d_zscore,-0.04394854771222345,0.04394854771222345,0.5416666666666666,0.002242408110635327,0.0021836212876706275,0.575,-0.04846135630735692,0.0026720106880427524,-1,120,0.023805463344121036,0.023805463344121036,0.002242408110635327,0.5824251066235034,general,cross_sectional,True,0.5909090909090909,0.5845461026949003
ret_20d,-0.04394854771222345,0.04394854771222345,0.5416666666666666,0.002242408110635327,0.0021836212876706275,0.575,-0.04846135630735692,0.0026720106880427524,-1,120,0.023805463344121036,0.023805463344121036,0.002242408110635327,0.5824251066235034,general,baseline_technical,True,0.5909090909090909,0.5845461026949003
ret_20d_rank,-0.04394854771222345,0.04394854771222345,0.5416666666666666,0.002242408110635327,0.0021836212876706275,0.575,-0.04846135630735692,0.0026720106880427524,-1,120,0.023805463344121036,0.023805463344121036,0.002242408110635327,0.5824251066235034,general,cross_sectional,True,0.5909090909090909,0.5845461026949003
amount_ma_20d,-0.046253068003311346,0.046253068003311346,0.5916666666666667,0.0008055104008537372,-0.0015767274120959919,0.55,-0.048527175599038797,0.004241816967267869,-1,120,0.02736639856862588,0.02736639856862588,0.0008055104008537372,0.57374248496994,general,liquidity_risk,True,0.5909090909090909,0.5780341364547277
rsi_14,-0.04155767476972035,0.04155767476972035,0.5916666666666667,0.0005265407635256455,0.0016975071343907284,0.5416666666666666,-0.04149013489735462,0.003657314629258517,-1,120,0.024588290905417875,0.024588290905417875,0.0005265407635256455,0.571557345460151,general,baseline_technical,True,0.5909090909090909,0.576395281822386
ret_5d_industry_rank,-0.013601699294744906,0.013601699294744906,0.49166666666666664,-0.0003209052636484562,,0.5,-0.03884205355532312,0.002154308617234469,-1,120,0.0066875021532495785,0.0066875021532495785,-0.0003209052636484562,0.4935666204203279,general,industry_relative,True,0.8181818181818182,0.5747204198607004
excess_ret_5d_industry_rank,-0.013601699294744906,0.013601699294744906,0.49166666666666664,-0.0003209052636484562,,0.5,-0.03884205355532312,0.002154308617234469,-1,120,0.0066875021532495785,0.0066875021532495785,-0.0003209052636484562,0.4935666204203279,general,industry_relative,True,0.8181818181818182,0.5747204198607004
low_liquidity_flag,0.03196522466526067,0.03196522466526067,0.5833333333333334,0.0008055104008537372,,0.55,-0.048527175599038797,0.0,1,120,0.018646381054735393,0.018646381054735393,0.0008055104008537372,0.556474358974359,general,liquidity_risk,True,0.5909090909090909,0.565083041958042
amount_z_20d,-0.030972636657884956,0.030972636657884956,0.5583333333333333,-0.0001493378510441482,0.0019400186479411386,0.525,-0.036894761902878145,0.004241816967267869,-1,120,0.0172930554673191,0.0172930554673191,-0.0001493378510441482,0.5557296644571195,general,baseline_technical,True,0.5909090909090909,0.5645245210701123
excess_ret_5d,-0.02859000623170871,0.02859000623170871,0.5333333333333333,0.0005691619482902893,0.0009724639499867697,0.48333333333333334,-0.041008351606675694,0.002154308617234469,-1,120,0.015248003323577978,0.015248003323577978,0.0005691619482902893,0.5440153383690457,general,csi500_relative,True,0.5909090909090909,0.555738776504057
excess_ret_5d_rank,-0.02859000623170871,0.02859000623170871,0.5333333333333333,0.0005691619482902893,0.0009724639499867697,0.48333333333333334,-0.041008351606675694,0.002154308617234469,-1,120,0.015248003323577978,0.015248003323577978,0.0005691619482902893,0.5440153383690457,general,csi500_relative,True,0.5909090909090909,0.555738776504057
vol_20d_rank,-0.04673415964356475,0.04673415964356475,0.6166666666666667,-0.0015455637317536334,-0.0018462689549655538,0.5083333333333333,-0.06117232573537994,0.004342017368069473,-1,120,0.02881939844686493,0.02881939844686493,-0.0015455637317536334,0.5359119521093468,general,cross_sectional,True,0.5909090909090909,0.5496612368092828
relative_vol_20d,-0.04673415964356475,0.04673415964356475,0.6166666666666667,-0.0015455637317536334,-0.0018462689549655538,0.5083333333333333,-0.06117232573537994,0.004342017368069473,-1,120,0.02881939844686493,0.02881939844686493,-0.0015455637317536334,0.5359119521093468,general,csi500_relative,True,0.5909090909090909,0.5496612368092828
vol_20d,-0.04673415964356475,0.04673415964356475,0.6166666666666667,-0.0015455637317536334,-0.0018462689549655538,0.5083333333333333,-0.06117232573537994,0.004342017368069473,-1,120,0.02881939844686493,0.02881939844686493,-0.0015455637317536334,0.5359119521093468,general,baseline_technical,True,0.5909090909090909,0.5496612368092828
vol_20d_zscore,-0.04673415964356475,0.04673415964356475,0.6166666666666667,-0.0015455637317536334,-0.0018462689549655538,0.5083333333333333,-0.06117232573537994,0.004342017368069473,-1,120,0.02881939844686493,0.02881939844686493,-0.0015455637317536334,0.5359119521093468,general,cross_sectional,True,0.5909090909090909,0.5496612368092828
excess_ret_3d,-0.022026107239400176,0.022026107239400176,0.525,0.0004385365067704691,0.0007596868758932596,0.5,-0.03750609597631512,0.001920507682030728,-1,120,0.011563706300685093,0.011563706300685093,0.0004385365067704691,0.5354489748728226,general,csi500_relative,True,0.5909090909090909,0.5493140038818897
excess_ret_3d_rank,-0.022026107239400176,0.022026107239400176,0.525,0.0004385365067704691,0.0007596868758932596,0.5,-0.03750609597631512,0.001920507682030728,-1,120,0.011563706300685093,0.011563706300685093,0.0004385365067704691,0.5354489748728226,general,csi500_relative,True,0.5909090909090909,0.5493140038818897
high_low_range_20d,-0.04566977796010798,0.04566977796010798,0.5666666666666667,-0.0018003272623724016,-0.0044592791481383315,0.475,-0.05860807704816748,0.004241816967267869,-1,120,0.02587954084406119,0.02587954084406119,-0.0018003272623724016,0.5284219721494271,general,liquidity_risk,True,0.5909090909090909,0.5440437518393431
atr_14d,-0.04391255124431826,0.04391255124431826,0.5583333333333333,-0.001762289146149368,-0.004247619141133196,0.475,-0.0600023615922044,0.0035237140948563795,-1,120,0.024517841111411028,0.024517841111411028,-0.001762289146149368,0.5270835260264117,general,liquidity_risk,True,0.5909090909090909,0.5430399172470816
volume_z_20d,-0.02625892161206954,0.02625892161206954,0.5666666666666667,-0.00028098420353764216,0.0017862387068705511,0.525,-0.04113992787571932,0.004241816967267869,-1,120,0.014880055580172738,0.014880055580172738,-0.00028098420353764216,0.5239347926622476,general,baseline_technical,True,0.5909090909090909,0.5406783672239585
excess_ret_1d,-0.013990850874528948,0.013990850874528948,0.49166666666666664,0.0011989930799862242,0.001484588221346544,0.525,-0.03885600408760024,0.0016199064796259186,-1,120,0.0068788350133100655,0.0068788350133100655,0.0011989930799862242,0.5223380093520374,general,csi500_relative,True,0.5909090909090909,0.5394807797413008
idiosyncratic_vol_60d,-0.03642339060689827,0.03642339060689827,0.55,-0.0016003914080746152,-0.006165483919630853,0.49166666666666664,-0.05832852327870142,0.015480961923847696,-1,120,0.02003286483379405,0.02003286483379405,-0.0016003914080746152,0.5170416473973588,general,csi500_relative,True,0.5909090909090909,0.5355085082752918
residual_ret_1d,-0.011370697354103813,0.011370697354103813,0.5,0.000998338856746892,0.001815504611140548,0.48333333333333334,-0.04000366392628944,0.008800935203740815,-1,120,0.0056853486770519065,0.0056853486770519065,0.000998338856746892,0.5114275987873182,general,csi500_relative,True,0.5909090909090909,0.5312979718177614
max_drawdown_20d,-0.0014076732542117405,0.0014076732542117405,0.5,0.003029981137955448,0.00631210437884065,0.575,-0.04007828601505515,0.004241816967267869,-1,120,0.0007038366271058703,0.0007038366271058703,0.003029981137955448,0.49829376702122186,general,liquidity_risk,True,0.5909090909090909,0.5214475979931891
excess_ret_2d,-0.01514246896895822,0.01514246896895822,0.525,6.97652895021033e-05,-0.0001274935968137901,0.525,-0.05425646738530562,0.0017869071476285905,-1,120,0.007949796208703066,0.007949796208703066,6.97652895021033e-05,0.4906546426185705,general,csi500_relative,True,0.5909090909090909,0.5157182546912006
ret_120d,-0.017447301865644835,0.017447301865644835,0.49166666666666664,-0.0029349636998677485,-0.005653872555458262,0.475,-0.045304017617790224,0.004108216432865732,-1,120,0.00857825675060871,0.00857825675060871,-0.0029349636998677485,0.47381994758748264,general,baseline_technical,True,0.5909090909090909,0.5030922334178847
boll_z_20d,-0.033038429581039405,0.033038429581039405,0.6166666666666667,-0.0008031220032292172,-0.0004943118819216584,0.525,-0.052944050072871306,0.004241816967267869,-1,120,0.020373698241640967,0.020373698241640967,-0.0008031220032292172,0.5316912029186579,general,short_bollinger,True,0.36363636363636365,0.4896774930980844
boll_position_20d,-0.033038429581039405,0.033038429581039405,0.6166666666666667,-0.0008031220032292172,-0.0004943118819216584,0.525,-0.052944050072871306,0.004241816967267869,-1,120,0.020373698241640967,0.020373698241640967,-0.0008031220032292172,0.5316912029186579,general,short_bollinger,True,0.36363636363636365,0.4896774930980844
beta_to_csi500_60d,-0.01368688738137605,0.01368688738137605,0.5583333333333333,-0.003534897229045253,-0.007523913748869346,0.5,-0.06044980185019583,0.008800935203740815,-1,120,0.0076418454546016285,0.0076418454546016285,-0.003534897229045253,0.4551455475052669,general,csi500_relative,True,0.5909090909090909,0.4890864333562229
intraday_return,-0.021671876720974315,0.021671876720974315,0.5333333333333333,0.0016331510103711967,0.0030947605712739125,0.5083333333333333,-0.03668520898802228,0.0014529058116232465,-1,120,0.011558334251186301,0.011558334251186301,0.0016331510103711967,0.556136760700889,general,short_volume_price,True,0.2727272727272727,0.48528438870748497
deducted_net_profit,0.04928979112272074,0.04928979112272074,0.6083333333333333,0.0011966384270345194,0.001958498356560514,0.5416666666666666,-0.05724282197792666,0.0,1,120,0.02998462293298845,0.02998462293298845,0.0011966384270345194,0.5753846153846154,general,quality,True,0.18181818181818182,0.476993006993007
boll_width_20d,-0.028932818252510283,0.028932818252510283,0.5916666666666667,-0.0015888611197387556,-0.0029318821138429444,0.5083333333333333,-0.05840047952230481,0.004241816967267869,-1,120,0.01711858413273525,0.01711858413273525,-0.0015888611197387556,0.5098322285596835,general,short_bollinger,True,0.36363636363636365,0.47328326232885354
amount_z_5d,-0.014981701797973515,0.014981701797973515,0.575,0.0005125114431214734,0.0016141106132035192,0.525,-0.029688865396073683,0.0021209084836339345,-1,120,0.00861447853383477,0.00861447853383477,0.0005125114431214734,0.5396597040234314,general,short_volume_price,True,0.2727272727272727,0.47292659619939176
volume_z_5d,-0.013476718020755236,0.013476718020755236,0.525,0.0009171488485232734,0.0019628555974853983,0.5416666666666666,-0.03311309794666564,0.0021209084836339345,-1,120,0.0070752769608965,0.0070752769608965,0.0009171488485232734,0.5345314988952263,general,short_volume_price,True,0.2727272727272727,0.4690804423532379
pe_ttm,-0.038797095358851834,0.038797095358851834,0.625,0.00141102512658674,0.0011225999827484544,0.5,-0.03848079223776425,0.0,-1,120,0.024248184599282397,0.024248184599282397,0.00141102512658674,0.5917948717948718,general,valuation,True,0.09090909090909091,0.46657342657342654
pe_ttm_rank,-0.038797095358851834,0.038797095358851834,0.625,0.00141102512658674,0.0011225999827484544,0.5,-0.03848079223776425,0.0,-1,120,0.024248184599282397,0.024248184599282397,0.00141102512658674,0.5917948717948718,general,valuation,True,0.09090909090909091,0.46657342657342654
pe_ttm_zscore,-0.038797095358851834,0.038797095358851834,0.625,0.00141102512658674,0.0011225999827484544,0.5,-0.03848079223776425,0.0,-1,120,0.024248184599282397,0.024248184599282397,0.00141102512658674,0.5917948717948718,general,valuation,True,0.09090909090909091,0.46657342657342654
eps,0.025492511525156806,0.025492511525156806,0.6083333333333333,0.0001644683923421076,0.0002036756826481058,0.5666666666666667,-0.036345202099601195,0.002004008016032064,1,120,0.015507944511137055,0.015507944511137055,0.0001644683923421076,0.5558252402240378,general,quality,True,0.18181818181818182,0.4623234756225738
pe_static,-0.037152891722194686,0.037152891722194686,0.625,0.00014460055263759857,0.00041466987443027927,0.5083333333333333,-0.02629723638320704,0.0,-1,120,0.02322055732637168,0.02322055732637168,0.00014460055263759857,0.5851282051282052,general,valuation,True,0.09090909090909091,0.4615734265734266
roe_ttm_rank,0.027017497000050707,0.027017497000050707,0.6,-0.00010012769289029834,-0.0001993008583313261,0.49166666666666664,-0.03405522063052406,0.0036907147628590514,1,120,0.016210498200030423,0.016210498200030423,-0.00010012769289029834,0.5523232362160218,general,quality,True,0.18181818181818182,0.4596969726165618
roe_ttm,0.027017497000050707,0.027017497000050707,0.6,-0.00010012769289029834,-0.0001993008583313261,0.49166666666666664,-0.03405522063052406,0.0036907147628590514,1,120,0.016210498200030423,0.016210498200030423,-0.00010012769289029834,0.5523232362160218,general,quality,True,0.18181818181818182,0.4596969726165618
roe_ttm_zscore,0.027017497000050707,0.027017497000050707,0.6,-0.00010012769289029834,-0.0001993008583313261,0.49166666666666664,-0.03405522063052406,0.0036907147628590514,1,120,0.016210498200030423,0.016210498200030423,-0.00010012769289029834,0.5523232362160218,general,quality,True,0.18181818181818182,0.4596969726165618
pe_ttm_industry_rank,-0.022364444417721875,0.022364444417721875,0.7,0.001028895321019171,,0.5083333333333333,-0.02457481186667342,0.0,-1,120,0.015655111092405312,0.015655111092405312,0.001028895321019171,0.5816666666666667,general,valuation,True,0.09090909090909091,0.45897727272727273
earnings_yield_ttm,0.05451944644880271,0.05451944644880271,0.6416666666666667,0.000962708358529991,0.00015008890991991772,0.55,-0.05372064254692286,0.0,1,120,0.03498331147131507,0.03498331147131507,0.000962708358529991,0.5794871794871795,general,valuation,True,0.09090909090909091,0.45734265734265733
deducted_net_profit_growth_yoy_rank,0.005921299654195934,0.005921299654195934,0.5083333333333333,0.003366028778255592,0.001871465317354415,0.6333333333333333,-0.020795377003293942,0.001503006012024048,1,120,0.003009993990882933,0.003009993990882933,0.003366028778255592,0.5424138019629002,general,quality,True,0.18181818181818182,0.4522648969267206
deducted_net_profit_growth_yoy_zscore,0.005921299654195934,0.005921299654195934,0.5083333333333333,0.003366028778255592,0.001871465317354415,0.6333333333333333,-0.020795377003293942,0.001503006012024048,1,120,0.003009993990882933,0.003009993990882933,0.003366028778255592,0.5424138019629002,general,quality,True,0.18181818181818182,0.4522648969267206
deducted_net_profit_growth_yoy,0.005921299654195934,0.005921299654195934,0.5083333333333333,0.003366028778255592,0.001871465317354415,0.6333333333333333,-0.020795377003293942,0.001503006012024048,1,120,0.003009993990882933,0.003009993990882933,0.003366028778255592,0.5424138019629002,general,quality,True,0.18181818181818182,0.4522648969267206
cash_flow_per_share_to_eps_zscore,-0.0054667328110903825,0.0054667328110903825,0.5,0.0035734543504137082,0.0058794432450811895,0.5333333333333333,-0.021410944143622025,0.002004008016032064,-1,120,0.0027333664055451913,0.0027333664055451913,0.0035734543504137082,0.5396713940701916,general,quality,True,0.18181818181818182,0.45020809100718917
cash_flow_per_share_to_eps,-0.0054667328110903825,0.0054667328110903825,0.5,0.0035734543504137082,0.0058794432450811895,0.5333333333333333,-0.021410944143622025,0.002004008016032064,-1,120,0.0027333664055451913,0.0027333664055451913,0.0035734543504137082,0.5396713940701916,general,quality,True,0.18181818181818182,0.45020809100718917
cash_flow_per_share_to_eps_rank,-0.0054667328110903825,0.0054667328110903825,0.5,0.0035734543504137082,0.0058794432450811895,0.5333333333333333,-0.021410944143622025,0.002004008016032064,-1,120,0.0027333664055451913,0.0027333664055451913,0.0035734543504137082,0.5396713940701916,general,quality,True,0.18181818181818182,0.45020809100718917
roa_ttm_rank,0.026860064329677854,0.026860064329677854,0.55,-0.0012976750728303779,-8.836327430027635e-05,0.48333333333333334,-0.03372973413748842,0.0,1,120,0.014773035381322821,0.014773035381322821,-0.0012976750728303779,0.5358974358974359,general,quality,True,0.18181818181818182,0.4473776223776224
roa_ttm,0.026860064329677854,0.026860064329677854,0.55,-0.0012976750728303779,-8.836327430027635e-05,0.48333333333333334,-0.03372973413748842,0.0,1,120,0.014773035381322821,0.014773035381322821,-0.0012976750728303779,0.5358974358974359,general,quality,True,0.18181818181818182,0.4473776223776224
roa_ttm_zscore,0.026860064329677854,0.026860064329677854,0.55,-0.0012976750728303779,-8.836327430027635e-05,0.48333333333333334,-0.03372973413748842,0.0,1,120,0.014773035381322821,0.014773035381322821,-0.0012976750728303779,0.5358974358974359,general,quality,True,0.18181818181818182,0.4473776223776224
net_profit_growth_3y_zscore,0.017700883123378777,0.017700883123378777,0.5916666666666667,-8.636546998328989e-05,-0.001557515737159774,0.5,-0.02969153906706347,0.0072812291249165,1,120,0.010473022514665776,0.010473022514665776,-8.636546998328989e-05,0.5358103386259698,general,quality,True,0.18181818181818182,0.44731229942402284
net_profit_growth_3y_rank,0.017700883123378777,0.017700883123378777,0.5916666666666667,-8.636546998328989e-05,-0.001557515737159774,0.5,-0.02969153906706347,0.0072812291249165,1,120,0.010473022514665776,0.010473022514665776,-8.636546998328989e-05,0.5358103386259698,general,quality,True,0.18181818181818182,0.44731229942402284
net_profit_growth_3y,0.017700883123378777,0.017700883123378777,0.5916666666666667,-8.636546998328989e-05,-0.001557515737159774,0.5,-0.02969153906706347,0.0072812291249165,1,120,0.010473022514665776,0.010473022514665776,-8.636546998328989e-05,0.5358103386259698,general,quality,True,0.18181818181818182,0.44731229942402284
boll_position_10d,-0.019856170458082363,0.019856170458082363,0.5,-0.002347164049388171,-0.0006986249746375052,0.45,-0.054089458213691176,0.0029559118236472948,-1,120,0.009928085229041182,0.009928085229041182,-0.002347164049388171,0.4741274857407121,general,short_bollinger,True,0.36363636363636365,0.44650470521462504
boll_z_10d,-0.019856170458082363,0.019856170458082363,0.5,-0.002347164049388171,-0.0006986249746375052,0.45,-0.054089458213691176,0.0029559118236472948,-1,120,0.009928085229041182,0.009928085229041182,-0.002347164049388171,0.4741274857407121,general,short_bollinger,True,0.36363636363636365,0.44650470521462504
boll_width_10d,-0.02057903194568557,0.02057903194568557,0.5583333333333333,-0.002736850799563373,-0.005555719174374379,0.4583333333333333,-0.05459231918471229,0.0029559118236472948,-1,120,0.011489959503007777,0.011489959503007777,-0.002736850799563373,0.47367876779199425,general,short_bollinger,True,0.36363636363636365,0.44616816675308657
net_profit_growth_yoy,0.004904700261549155,0.004904700261549155,0.5166666666666667,0.002655615935815305,0.0030327269507642446,0.6333333333333333,-0.01721640663058922,0.0,1,120,0.0025340951351337307,0.0025340951351337307,0.002655615935815305,0.5337179487179488,general,quality,True,0.18181818181818182,0.445743006993007
net_profit_growth_yoy_rank,0.004904700261549155,0.004904700261549155,0.5166666666666667,0.002655615935815305,0.0030327269507642446,0.6333333333333333,-0.01721640663058922,0.0,1,120,0.0025340951351337307,0.0025340951351337307,0.002655615935815305,0.5337179487179488,general,quality,True,0.18181818181818182,0.445743006993007
net_profit_growth_yoy_zscore,0.004904700261549155,0.004904700261549155,0.5166666666666667,0.002655615935815305,0.0030327269507642446,0.6333333333333333,-0.01721640663058922,0.0,1,120,0.0025340951351337307,0.0025340951351337307,0.002655615935815305,0.5337179487179488,general,quality,True,0.18181818181818182,0.445743006993007
cash_flow_quality,-0.007128602991089464,0.007128602991089464,0.49166666666666664,0.003141570368672666,0.005113068870699957,0.55,-0.02988804820129509,0.08168002672010688,-1,120,0.0035048964706189865,0.0035048964706189865,0.003141570368672666,0.5281781511741431,general,quality,True,0.18181818181818182,0.44158815883515284
operating_cash_flow_to_net_profit,-0.007128602991089464,0.007128602991089464,0.49166666666666664,0.003141570368672666,0.005113068870699957,0.55,-0.02988804820129509,0.08168002672010688,-1,120,0.0035048964706189865,0.0035048964706189865,0.003141570368672666,0.5281781511741431,general,quality,True,0.18181818181818182,0.44158815883515284
cash_flow_quality_zscore,-0.007128602991089464,0.007128602991089464,0.49166666666666664,0.003141570368672666,0.005113068870699957,0.55,-0.02988804820129509,0.08168002672010688,-1,120,0.0035048964706189865,0.0035048964706189865,0.003141570368672666,0.5281781511741431,general,quality,True,0.18181818181818182,0.44158815883515284
cash_flow_quality_rank,-0.007128602991089464,0.007128602991089464,0.49166666666666664,0.003141570368672666,0.005113068870699957,0.55,-0.02988804820129509,0.08168002672010688,-1,120,0.0035048964706189865,0.0035048964706189865,0.003141570368672666,0.5281781511741431,general,quality,True,0.18181818181818182,0.44158815883515284
deducted_net_profit_growth_3y_zscore,0.012885086692865267,0.012885086692865267,0.5666666666666667,0.00046414798849341433,-0.0007120735448085382,0.525,-0.03215756269284667,0.01831997327989312,1,120,0.0073015491259569845,0.0073015491259569845,0.00046414798849341433,0.5270141565181645,general,quality,True,0.18181818181818182,0.44071516284316886
deducted_net_profit_growth_3y,0.012885086692865267,0.012885086692865267,0.5666666666666667,0.00046414798849341433,-0.0007120735448085382,0.525,-0.03215756269284667,0.01831997327989312,1,120,0.0073015491259569845,0.0073015491259569845,0.00046414798849341433,0.5270141565181645,general,quality,True,0.18181818181818182,0.44071516284316886
deducted_net_profit_growth_3y_rank,0.012885086692865267,0.012885086692865267,0.5666666666666667,0.00046414798849341433,-0.0007120735448085382,0.525,-0.03215756269284667,0.01831997327989312,1,120,0.0073015491259569845,0.0073015491259569845,0.00046414798849341433,0.5270141565181645,general,quality,True,0.18181818181818182,0.44071516284316886
log_float_market_cap,-0.029873140291548486,0.029873140291548486,0.575,-0.0004044794108230784,-0.002898792927408923,0.5166666666666667,-0.03724646019924721,0.0,-1,120,0.017177055667640377,0.017177055667640377,-0.0004044794108230784,0.549551282051282,general,valuation,True,0.09090909090909091,0.4348907342657342
float_market_cap,-0.029873140291548486,0.029873140291548486,0.575,-0.0004044794108230784,-0.002898792927408923,0.5166666666666667,-0.03724646019924721,0.0,-1,120,0.017177055667640377,0.017177055667640377,-0.0004044794108230784,0.549551282051282,general,valuation,True,0.09090909090909091,0.4348907342657342
float_market_cap_rank,-0.029873140291548486,0.029873140291548486,0.575,-0.0004044794108230784,-0.002898792927408923,0.5166666666666667,-0.03724646019924721,0.0,-1,120,0.017177055667640377,0.017177055667640377,-0.0004044794108230784,0.549551282051282,general,valuation,True,0.09090909090909091,0.4348907342657342
float_market_cap_zscore,-0.029873140291548486,0.029873140291548486,0.575,-0.0004044794108230784,-0.002898792927408923,0.5166666666666667,-0.03724646019924721,0.0,-1,120,0.017177055667640377,0.017177055667640377,-0.0004044794108230784,0.549551282051282,general,valuation,True,0.09090909090909091,0.4348907342657342
log_total_market_cap,-0.02852726487967002,0.02852726487967002,0.575,-5.213261533659709e-05,-0.002500566518598408,0.48333333333333334,-0.040416326304732034,0.0,-1,120,0.01640317730581026,0.01640317730581026,-5.213261533659709e-05,0.5442948717948718,general,valuation,True,0.09090909090909091,0.4309484265734266
total_market_cap_rank,-0.02852726487967002,0.02852726487967002,0.575,-5.213261533659709e-05,-0.002500566518598408,0.48333333333333334,-0.040416326304732034,0.0,-1,120,0.01640317730581026,0.01640317730581026,-5.213261533659709e-05,0.5442948717948718,general,valuation,True,0.09090909090909091,0.4309484265734266
total_market_cap_zscore,-0.02852726487967002,0.02852726487967002,0.575,-5.213261533659709e-05,-0.002500566518598408,0.48333333333333334,-0.040416326304732034,0.0,-1,120,0.01640317730581026,0.01640317730581026,-5.213261533659709e-05,0.5442948717948718,general,valuation,True,0.09090909090909091,0.4309484265734266
total_market_cap,-0.02852726487967002,0.02852726487967002,0.575,-5.213261533659709e-05,-0.002500566518598408,0.48333333333333334,-0.040416326304732034,0.0,-1,120,0.01640317730581026,0.01640317730581026,-5.213261533659709e-05,0.5442948717948718,general,valuation,True,0.09090909090909091,0.4309484265734266
gross_margin_ttm,-0.010468581804480286,0.010468581804480286,0.525,0.0008967400172581797,0.006735902591789877,0.45,-0.036618390220823624,0.06212424849699399,-1,120,0.00549600544735215,0.00549600544735215,0.0008967400172581797,0.5121209084836339,general,quality,True,0.18181818181818182,0.42954522681727086
gross_margin_ttm_rank,-0.010468581804480286,0.010468581804480286,0.525,0.0008967400172581797,0.006735902591789877,0.45,-0.036618390220823624,0.06212424849699399,-1,120,0.00549600544735215,0.00549600544735215,0.0008967400172581797,0.5121209084836339,general,quality,True,0.18181818181818182,0.42954522681727086
gross_margin_ttm_zscore,-0.010468581804480286,0.010468581804480286,0.525,0.0008967400172581797,0.006735902591789877,0.45,-0.036618390220823624,0.06212424849699399,-1,120,0.00549600544735215,0.00549600544735215,0.0008967400172581797,0.5121209084836339,general,quality,True,0.18181818181818182,0.42954522681727086
book_to_price,0.04595692607394002,0.04595692607394002,0.5916666666666667,-0.001725892441103931,-0.0014606837476539435,0.5,-0.05181203534679764,0.0,1,120,0.027191181260414515,0.027191181260414515,-0.001725892441103931,0.5402564102564102,general,valuation,True,0.09090909090909091,0.4279195804195804
pb_industry_rank,-0.009259762107719255,0.009259762107719255,0.5583333333333333,0.0019380031974124473,,0.6083333333333333,-0.03180235854092036,0.0,-1,120,0.005170033843476584,0.005170033843476584,0.0019380031974124473,0.5355128205128205,general,valuation,True,0.09090909090909091,0.424361888111888
cash_flow_quality_industry_rank,-0.0036434817732226067,0.0036434817732226067,0.44166666666666665,0.0013624515162023096,,0.5833333333333334,-0.023203213677729373,0.08168002672010688,-1,120,0.0016092044498399846,0.0016092044498399846,0.0013624515162023096,0.5049089204049123,general,quality,True,0.18181818181818182,0.42413623575822973
pb_zscore,-0.044055384669224,0.044055384669224,0.5916666666666667,-0.001906756616798785,-0.0020359930575916947,0.5166666666666667,-0.0532909464520681,0.0,-1,120,0.026066102595957534,0.026066102595957534,-0.001906756616798785,0.5351282051282051,general,valuation,True,0.09090909090909091,0.42407342657342656
pb,-0.044055384669224,0.044055384669224,0.5916666666666667,-0.001906756616798785,-0.0020359930575916947,0.5166666666666667,-0.0532909464520681,0.0,-1,120,0.026066102595957534,0.026066102595957534,-0.001906756616798785,0.5351282051282051,general,valuation,True,0.09090909090909091,0.42407342657342656
pb_rank,-0.044055384669224,0.044055384669224,0.5916666666666667,-0.001906756616798785,-0.0020359930575916947,0.5166666666666667,-0.0532909464520681,0.0,-1,120,0.026066102595957534,0.026066102595957534,-0.001906756616798785,0.5351282051282051,general,valuation,True,0.09090909090909091,0.42407342657342656
float_market_cap_industry_rank,-0.009215096169782503,0.009215096169782503,0.525,0.0017558854906587387,,0.5416666666666666,-0.027725690438445257,0.0,-1,120,0.004837925489135814,0.004837925489135814,0.0017558854906587387,0.5314102564102565,general,valuation,True,0.09090909090909091,0.4212849650349651
revenue_growth_3y,0.009593771186846052,0.009593771186846052,0.5166666666666667,0.001440736787347203,0.002407246498949691,0.5833333333333334,-0.04775005137703337,0.007631930527722111,1,120,0.00495678177987046,0.00495678177987046,0.001440736787347203,0.5006470633574842,general,quality,True,0.18181818181818182,0.42093984297265863
revenue_growth_3y_rank,0.009593771186846052,0.009593771186846052,0.5166666666666667,0.001440736787347203,0.002407246498949691,0.5833333333333334,-0.04775005137703337,0.007631930527722111,1,120,0.00495678177987046,0.00495678177987046,0.001440736787347203,0.5006470633574842,general,quality,True,0.18181818181818182,0.42093984297265863
