feature,model_count,candidate_count,general_count,short_count,avg_rank,min_rank
dist_to_boll_upper_120d,24,12,12,12,11.416666666666666,1
excess_ret_60d,24,12,12,12,11.916666666666666,1
dist_to_boll_upper_20d,24,12,12,12,13.541666666666666,3
dist_to_boll_upper_10d,24,12,12,12,17.458333333333332,1
below_boll_lower_120d,24,12,12,12,18.125,2
dist_to_boll_lower_120d,24,12,12,12,25.541666666666668,7
boll_width_10d,24,12,12,12,27.208333333333332,11
dist_to_boll_lower_20d,23,12,12,11,14.304347826086957,2
boll_position_20d,23,12,12,11,22.043478260869566,5
residual_ret_20d,23,12,12,11,22.130434782608695,4
boll_z_20d,23,12,12,11,22.347826086956523,4
boll_position_120d,23,12,12,11,27.043478260869566,2
boll_z_120d,23,12,12,11,27.26086956521739,3
boll_width_20d,22,12,12,10,18.09090909090909,3
near_boll_lower_120d,22,12,12,10,28.772727272727273,7
idiosyncratic_vol_60d,22,12,12,10,31.636363636363637,10
dist_to_boll_lower_10d,22,12,12,10,31.727272727272727,17
boll_width_120d,21,12,12,9,12.333333333333334,1
relative_vol_20d,21,12,12,9,27.714285714285715,6
turnover_ma_20d,20,12,12,8,20.65,2
amount_ma_20d,19,12,12,7,26.157894736842106,7
vol_20d_rank,19,12,12,7,33.68421052631579,12
vol_20d_zscore,19,12,12,7,33.78947368421053,14
max_drawdown_20d,19,12,12,7,51.94736842105263,13
low_liquidity_flag,18,12,12,6,28.11111111111111,9
high_low_range_20d,18,12,12,6,42.888888888888886,27
atr_14d,17,12,12,5,42.11764705882353,21
industry_ret_60d,15,12,12,3,47.46666666666667,7
excess_ret_20d_industry_rank,15,12,12,3,54.06666666666667,4
ret_20d_industry_rank,15,12,12,3,54.266666666666666,5
ret_60d,12,12,12,0,18.25,6
close_over_ma20,12,12,12,0,29.833333333333332,19
close_over_ma60,12,12,12,0,30.0,20
vol_20d,12,12,12,0,36.333333333333336,11
rsi_14,12,12,12,0,42.083333333333336,29
boll_width_60d,12,12,12,0,47.25,4
dist_to_boll_lower_60d,12,12,12,0,48.666666666666664,10
dist_to_boll_upper_60d,12,12,12,0,54.083333333333336,32
vol_10d,14,11,10,4,30.714285714285715,8
excess_ret_20d,19,10,10,9,27.105263157894736,11
excess_ret_20d_rank,19,10,10,9,27.736842105263158,12
excess_ret_1d,18,10,9,9,39.72222222222222,5
near_boll_lower_20d,18,10,10,8,40.05555555555556,20
beta_to_csi500_60d,17,10,7,10,39.64705882352941,2
ret_20d_zscore,15,10,10,5,33.8,27
ret_20d_rank,15,10,10,5,34.666666666666664,24
intraday_return,14,10,7,7,21.428571428571427,7
ret_1d,13,10,7,6,24.76923076923077,7
volume_z_5d,13,10,7,6,25.46153846153846,13
overnight_gap,13,10,7,6,49.61538461538461,14
industry_ret_20d,13,10,10,3,69.3076923076923,44
ret_10d,10,10,10,0,21.5,13
ret_20d,10,10,10,0,34.6,25
amount_z_20d,10,10,10,0,44.2,31
boll_z_60d,10,10,10,0,60.2,31
boll_position_60d,10,10,10,0,60.6,30
below_boll_lower_60d,10,10,10,0,63.0,31
eps,10,10,10,0,66.5,38
deducted_net_profit,10,10,10,0,72.0,37
amount_z_5d,12,9,7,5,25.583333333333332,12
vol_5d,12,9,7,5,27.666666666666668,9
rsi_6,11,9,7,4,30.90909090909091,11
earnings_yield_ttm,9,9,9,0,61.666666666666664,29
excess_ret_3d_rank,15,8,7,8,35.8,6
excess_ret_3d,15,8,7,8,36.0,7
residual_ret_1d,15,8,7,8,38.06666666666667,3
excess_ret_2d,15,8,7,8,43.2,8
boll_z_10d,14,8,7,7,35.92857142857143,20
excess_ret_5d_rank,14,8,7,7,37.5,9
excess_ret_5d,14,8,7,7,37.785714285714285,10
boll_position_10d,13,8,7,6,37.07692307692308,21
ret_5d,11,8,7,4,22.272727272727273,1
ret_3d_rank,11,8,7,4,23.09090909090909,4
ret_5d_zscore,11,8,7,4,23.363636363636363,2
ret_3d,11,8,7,4,23.545454545454547,4
ret_5d_rank,11,8,7,4,23.636363636363637,3
ret_3d_zscore,11,8,7,4,24.272727272727273,6
ret_2d,11,8,7,4,32.81818181818182,12
close_location_value,11,8,7,4,47.45454545454545,15
stock_ret_minus_industry_ret_60d,10,8,7,3,74.0,57
stock_ret_minus_industry_ret_5d,10,8,7,3,74.7,45
ret_120d,8,8,8,0,69.125,49
near_boll_upper_120d,10,7,6,4,58.6,43
above_boll_upper_120d,10,7,6,4,60.6,47
volume_z_20d,7,7,7,0,58.142857142857146,41
near_boll_upper_20d,11,6,5,6,52.81818181818182,22
near_boll_upper_10d,8,6,4,4,66.125,42
above_boll_upper_20d,8,6,4,4,69.5,50
ret_5d_industry_rank,8,6,5,3,69.625,33
excess_ret_5d_industry_rank,8,6,5,3,69.875,34
above_boll_upper_10d,8,6,4,4,70.125,41
below_boll_lower_20d,8,6,4,4,73.125,58
stock_ret_minus_industry_ret_20d,8,6,5,3,78.0,66
industry_ret_5d,8,6,5,3,91.125,71
net_margin_ttm,6,6,6,0,68.33333333333333,51
net_margin_ttm_rank,6,6,6,0,68.83333333333333,52
net_margin_ttm_zscore,6,6,6,0,68.83333333333333,52
pb_rank,6,6,6,0,69.16666666666667,48
near_boll_lower_10d,6,5,2,4,72.16666666666667,51
below_boll_lower_10d,6,5,2,4,72.33333333333333,56
roe_ttm_zscore,6,5,5,1,84.83333333333333,43
roe_ttm,6,5,5,1,85.66666666666667,44
roe_ttm_rank,6,5,5,1,86.0,45
near_boll_lower_60d,5,5,5,0,53.0,16
pe_static,5,5,5,0,85.4,71
roa_ttm,5,5,4,1,87.4,27
roa_ttm_rank,5,5,4,1,88.0,26
roa_ttm_zscore,5,5,4,1,89.2,28
deducted_net_profit_growth_yoy,5,5,4,1,92.4,34
deducted_net_profit_growth_yoy_rank,5,5,4,1,93.6,36
deducted_net_profit_growth_yoy_zscore,5,5,4,1,94.2,35
cash_flow_per_share_to_eps_zscore,5,5,4,1,95.8,23
cash_flow_per_share_to_eps_rank,5,5,4,1,96.0,24
limit_move_flag,5,4,2,3,89.4,59
revenue_growth_3y,4,4,4,0,71.25,46
revenue_growth_3y_zscore,4,4,4,0,71.75,47
revenue_growth_3y_rank,4,4,4,0,72.25,48
pb_zscore,4,4,4,0,73.5,46
pb,4,4,4,0,74.0,47
cash_flow_to_revenue,4,4,4,0,83.25,56
cash_flow_quality_industry_rank,4,4,4,0,83.75,60
cash_flow_to_revenue_zscore,4,4,4,0,83.75,57
cash_flow_to_revenue_rank,4,4,4,0,84.25,58
pe_ttm,4,4,4,0,88.0,88
pe_ttm_rank,4,4,4,0,88.0,87
pe_ttm_zscore,4,4,4,0,88.0,87
net_profit_growth_3y,4,4,3,1,90.75,47
net_profit_growth_3y_rank,4,4,3,1,91.25,46
cash_flow_per_share_to_eps,4,4,3,1,92.5,25
net_profit_growth_3y_zscore,4,4,3,1,92.5,48
missing_days_20d,4,4,2,2,94.25,62
zero_volume_days_20d,4,4,2,2,95.25,63
recent_halt_flag,4,4,2,2,95.75,64
net_profit_growth_yoy,4,4,3,1,96.0,29
pe_ttm_industry_rank,4,4,4,0,98.0,96
float_market_cap_rank,4,4,4,0,105.75,82
deducted_net_profit_growth_3y,4,4,4,0,106.0,78
log_float_market_cap,4,4,4,0,106.75,83
deducted_net_profit_growth_3y_zscore,4,4,4,0,107.0,77
deducted_net_profit_growth_3y_rank,4,4,4,0,107.25,79
float_market_cap,4,4,4,0,107.25,85
float_market_cap_zscore,4,4,4,0,107.25,84
cash_flow_per_share_to_eps_industry_rank,3,3,2,1,49.333333333333336,32
chinext_etf_ret_1d,3,3,0,3,81.0,79
chinext_etf_vol_20d,3,3,0,3,82.0,80
chinext_etf_ret_60d,3,3,0,3,83.0,81
chinext_etf_ret_20d,3,3,0,3,84.0,82
chinext_etf_ret_5d,3,3,0,3,85.0,83
chinext_etf_ret_3d,3,3,0,3,86.0,84
pb_industry_rank,3,3,3,0,87.0,59
oil_gas_etf_vol_20d,3,3,0,3,88.0,86
chinext_vol_20d,3,3,0,3,88.33333333333333,85
oil_gas_etf_ret_20d,3,3,0,3,89.0,88
oil_gas_etf_ret_60d,3,3,0,3,89.0,87
hang_seng_etf_ret_5d,3,3,0,3,91.0,89
hang_seng_etf_ret_20d,3,3,0,3,94.66666666666667,93
hang_seng_etf_ret_1d,3,3,0,3,95.0,92
hang_seng_etf_ret_60d,3,3,0,3,95.66666666666667,93
chinext_ret_1d,3,3,0,3,96.0,95
csi300_ret_20d,3,3,0,3,96.0,94
hang_seng_etf_ret_3d,3,3,0,3,98.0,92
hang_seng_etf_vol_20d,3,3,0,3,98.0,97
chinext_ret_3d,3,3,0,3,100.0,99
chinext_ret_5d,3,3,0,3,101.0,100
chinext_ret_20d,3,3,0,3,102.0,101
oil_gas_etf_ret_5d,3,3,0,3,103.0,102
oil_gas_etf_ret_3d,3,3,0,3,104.0,103
csi300_ret_1d,3,3,0,3,104.33333333333333,100
semiconductor_etf_ret_5d,3,3,0,3,105.0,104
csi300_ret_60d,3,3,0,3,105.33333333333333,96
star50_ret_5d,3,3,0,3,106.0,105
csi300_ret_5d,3,3,0,3,108.33333333333333,107
csi300_ret_3d,3,3,0,3,108.66666666666667,108
chinext_ret_60d,3,3,0,3,117.0,113
csi1000_vol_20d,3,3,0,3,117.0,114
csi1000_ret_60d,3,3,0,3,117.33333333333333,115
csi1000_ret_20d,3,3,0,3,117.66666666666667,116
csi1000_ret_1d,3,3,0,3,118.0,117
csi1000_ret_5d,3,3,0,3,118.33333333333333,117
csi1000_ret_3d,3,3,0,3,119.0,112
net_profit_growth_yoy_rank,2,2,1,1,73.0,30
net_profit_growth_yoy_zscore,2,2,1,1,74.0,31
cash_flow_quality,2,2,1,1,80.5,37
cash_flow_quality_rank,2,2,1,1,80.5,39
cash_flow_quality_zscore,2,2,1,1,80.5,40
operating_cash_flow_to_net_profit,2,2,1,1,80.5,38
log_total_market_cap,2,2,2,0,98.5,65
total_market_cap,2,2,2,0,98.5,64
total_market_cap_rank,2,2,2,0,99.0,67
total_market_cap_zscore,2,2,2,0,100.0,66
book_to_price,2,2,2,0,105.5,76
revenue_growth_yoy,2,2,2,0,111.0,68
revenue_growth_yoy_rank,2,2,2,0,111.0,69
revenue_growth_yoy_zscore,2,2,2,0,111.0,70
csi500_quality_growth_snapshot_available,2,2,0,2,112.0,111
star50_ret_1d,2,2,0,2,112.0,112
oil_gas_etf_ret_1d,2,2,0,2,116.5,115
star50_ret_20d,2,2,0,2,117.0,114
star50_vol_20d,2,2,0,2,118.5,117
float_market_cap_industry_rank,2,2,2,0,119.0,90
total_market_cap_industry_rank,2,2,2,0,122.5,89
dividend_etf_ret_5d,2,2,0,2,124.0,111
dividend_etf_vol_20d,2,2,0,2,124.0,109
csi500_ret_3d,2,2,2,0,137.5,96
csi500_ret_1d,2,2,2,0,138.5,97
semiconductor_etf_ret_20d,1,1,0,1,90.0,90
semiconductor_etf_vol_20d,1,1,0,1,91.0,91
csi500_ret_20d,1,1,1,0,95.0,95
csi500_vol_20d,1,1,1,0,98.0,98
csi500_ret_120d,1,1,1,0,99.0,99
csi500_ret_60d,1,1,1,0,100.0,100
dividend_etf_ret_60d,1,1,0,1,111.0,111
star50_ret_60d,1,1,0,1,116.0,116
securities_etf_vol_20d,1,1,0,1,119.0,119
star50_ret_3d,1,1,0,1,124.0,124
csi300_vol_20d,1,1,0,1,127.0,127
csi300_etf_ret_60d,1,1,0,1,128.0,128
csi500_etf_ret_1d,1,1,0,1,129.0,129
csi500_etf_ret_3d,1,1,0,1,130.0,130
csi500_etf_ret_5d,1,1,0,1,131.0,131
csi500_etf_ret_20d,1,1,0,1,132.0,132
csi500_etf_ret_60d,1,1,0,1,133.0,133
csi500_etf_vol_20d,1,1,0,1,134.0,134
csi300_etf_ret_20d,1,1,0,1,135.0,135
dividend_etf_ret_3d,1,1,0,1,136.0,136
gross_margin_ttm_zscore,1,1,1,0,136.0,136
gross_margin_ttm,1,1,1,0,137.0,137
dividend_etf_ret_20d,1,1,0,1,138.0,138
gross_margin_ttm_rank,1,1,1,0,138.0,138
csi300_etf_ret_5d,1,1,0,1,140.0,140
debt_to_asset,1,1,1,0,160.0,160
debt_to_asset_zscore,1,1,1,0,161.0,161
debt_to_asset_rank,1,1,1,0,162.0,162
near_boll_upper_60d,1,1,1,0,166.0,166
cash_flow_per_share,1,1,1,0,167.0,167
above_boll_upper_60d,1,1,1,0,168.0,168
roa_ttm_industry_rank,1,1,1,0,169.0,169
net_margin_ttm_industry_rank,1,1,1,0,170.0,170
roe_ttm_industry_rank,1,1,1,0,171.0,171
revenue_growth_3y_industry_rank,1,1,1,0,172.0,172
net_profit_growth_3y_industry_rank,1,1,1,0,173.0,173
csi500_market_vol_20d,1,1,1,0,174.0,174
csi500_market_ret_1d,1,1,1,0,175.0,175
csi500_market_ret_3d,1,1,1,0,176.0,176
csi500_market_ret_5d,1,1,1,0,177.0,177
csi500_ret_2d,1,1,1,0,178.0,178
